IC,t_stat,N,label,signal,horizon,IC_mean_daily,t_stat_naive,t_stat_clustered,N_days
-0.004507743867901988,-0.15943816910308636,1253,dispersion_vs_btc_1d,cs_dispersion_vs_btc,1,,,,
-0.01933023430835106,-0.683828075048557,1253,dispersion_vs_ew_1d,cs_dispersion_vs_ew,1,,,,
-0.057769107310161,-0.8964522637667968,242,disp_btc_IS_1d,cs_dispersion_vs_btc_IS,1,,,,
-0.007632243033360232,-0.24244343228159093,1011,disp_btc_OOS_1d,cs_dispersion_vs_btc_OOS,1,,,,
-0.009542697343722468,-0.33726567557996656,1251,dispersion_vs_btc_3d,cs_dispersion_vs_btc,3,,,,
-0.045447000865761075,-1.6078125488916843,1251,dispersion_vs_ew_3d,cs_dispersion_vs_ew,3,,,,
-0.07368500377427827,-1.1446347850038974,242,disp_btc_IS_3d,cs_dispersion_vs_btc_IS,3,,,,
-0.03564310876790638,-1.1317913155333663,1009,disp_btc_OOS_3d,cs_dispersion_vs_btc_OOS,3,,,,
-0.028497360203567464,-1.005925284209857,1247,dispersion_vs_btc_7d,cs_dispersion_vs_btc,7,,,,
-0.10367779324286178,-3.678046284776695,1247,dispersion_vs_ew_7d,cs_dispersion_vs_ew,7,,,,
-0.06743109031553644,-1.0470210484629952,242,disp_btc_IS_7d,cs_dispersion_vs_btc_IS,7,,,,
-0.07316701562640568,-2.323439718015027,1005,disp_btc_OOS_7d,cs_dispersion_vs_btc_OOS,7,,,,
-0.053322218811654186,-1.8788271195736075,1240,dispersion_vs_btc_14d,cs_dispersion_vs_btc,14,,,,
-0.15173574032022993,-5.4013983047168965,1240,dispersion_vs_ew_14d,cs_dispersion_vs_ew,14,,,,
-0.016541203137456124,-0.2562902814804639,242,disp_btc_IS_14d,cs_dispersion_vs_btc_IS,14,,,,
-0.12035967682667299,-3.8263032147444433,998,disp_btc_OOS_14d,cs_dispersion_vs_btc_OOS,14,,,,
-0.04373227671525118,-1.8085667505915914,1709,consensus_vs_btc_1d,cs_consensus_vs_btc,1,,,,
-0.05578350570956836,-2.308337658482443,1709,consensus_vs_ew_1d,cs_consensus_vs_ew,1,,,,
-0.047439313656180475,-1.2529457143928575,698,,cs_consensus_vs_btc_IS,1,,,,
-0.032892663540641257,-1.0453932473931637,1011,,cs_consensus_vs_btc_OOS,1,,,,
-0.05922076556999095,-2.4496221733518415,1707,consensus_vs_btc_3d,cs_consensus_vs_btc,3,,,,
-0.08087591133032046,-3.350475031687603,1707,consensus_vs_ew_3d,cs_consensus_vs_ew,3,,,,
-0.01409318816388363,-0.37184076840372265,698,,cs_consensus_vs_btc_IS,3,,,,
-0.06886016189046343,-2.1903568506458666,1009,,cs_consensus_vs_btc_OOS,3,,,,
-0.09366960616709359,-3.880292884893021,1703,consensus_vs_btc_7d,cs_consensus_vs_btc,7,,,,
-0.14524187414549836,-6.054437111662176,1703,consensus_vs_ew_7d,cs_consensus_vs_ew,7,,,,
-0.03841192277441091,-1.0141245562891608,698,,cs_consensus_vs_btc_IS,7,,,,
-0.11118249768795209,-3.5431366110932188,1005,,cs_consensus_vs_btc_OOS,7,,,,
-0.12125936688289167,-5.027922824972209,1696,consensus_vs_btc_14d,cs_consensus_vs_btc,14,,,,
-0.19332499732125277,-8.109910233698209,1696,consensus_vs_ew_14d,cs_consensus_vs_ew,14,,,,
-0.05967694773147137,-1.5771969815843772,698,,cs_consensus_vs_btc_IS,14,,,,
-0.15688305958515386,-5.0132236652795035,998,,cs_consensus_vs_btc_OOS,14,,,,
-0.0087,,30827,,zscore_30d_panel,1,-0.0073,-1.52,-1.14,1192.0
-0.0097,,30773,,zscore_30d_panel,3,-0.0155,-1.7,-2.36,1190.0
-0.0212,,30665,,zscore_30d_panel,7,-0.0197,-3.72,-3.02,1186.0
-0.0056,,30476,,zscore_30d_panel,14,-0.0238,-0.99,-3.82,1179.0
0.0262,,4265,,zscore_30d_IS,1,-0.0063,1.71,-0.36,181.0
0.0189,,4265,,zscore_30d_IS,3,-0.0135,1.23,-0.78,181.0
-0.0154,,4265,,zscore_30d_IS,7,-0.0458,-1.0,-2.92,181.0
-0.0469,,4265,,zscore_30d_IS,14,-0.0765,-3.06,-5.1,181.0
-0.0152,,26562,,zscore_30d_OOS,1,-0.0075,-2.48,-1.08,1011.0
-0.0155,,26508,,zscore_30d_OOS,3,-0.0158,-2.53,-2.24,1009.0
-0.0234,,26400,,zscore_30d_OOS,7,-0.015,-3.79,-2.1,1005.0
0.0005,,26211,,zscore_30d_OOS,14,-0.0142,0.08,-2.09,998.0
-0.0061,,31457,,zscore_14d_panel,1,-0.0057,-1.09,-0.93,1222.0
-0.0059,,31403,,zscore_14d_panel,3,-0.0105,-1.04,-1.68,1220.0
-0.0233,,31295,,zscore_14d_panel,7,-0.0102,-4.12,-1.59,1216.0
-0.0137,,31106,,zscore_14d_panel,14,-0.0109,-2.42,-1.77,1209.0
-0.01,,30236,,zscore_60d_panel,1,-0.0116,-1.75,-1.76,1164.0
-0.0144,,30182,,zscore_60d_panel,3,-0.0217,-2.51,-3.29,1162.0
-0.029,,30074,,zscore_60d_panel,7,-0.0294,-5.04,-4.52,1158.0
-0.0167,,29885,,zscore_60d_panel,14,-0.0346,-2.89,-5.42,1151.0
-0.0052,,31707,,pos_momentum_5d,1,-0.0058,-0.92,-0.95,1234.0
-0.0045,,31653,,pos_momentum_5d,3,-0.0124,-0.8,-1.98,1232.0
-0.0307,,31545,,pos_momentum_5d,7,-0.0122,-5.46,-1.93,1228.0
-0.0205,,31356,,pos_momentum_5d,14,-0.0166,-3.63,-2.69,1221.0
0.042,,5091,,pos_momentum_5d_IS,1,0.0128,3.0,0.77,223.0
0.054,,5091,,pos_momentum_5d_IS,3,0.0057,3.86,0.36,223.0
0.0329,,5091,,pos_momentum_5d_IS,7,0.0063,2.35,0.4,223.0
0.0311,,5091,,pos_momentum_5d_IS,14,-0.0062,2.22,-0.43,223.0
-0.0102,,26616,,pos_momentum_5d_OOS,1,-0.0099,-1.67,-1.53,1011.0
-0.0106,,26562,,pos_momentum_5d_OOS,3,-0.0164,-1.73,-2.42,1009.0
-0.0382,,26454,,pos_momentum_5d_OOS,7,-0.0163,-6.22,-2.36,1005.0
-0.0263,,26265,,pos_momentum_5d_OOS,14,-0.0189,-4.27,-2.78,998.0
-0.0165,,31392,,pos_momentum_10d,1,-0.0112,-2.92,-1.81,1219.0
-0.0193,,31338,,pos_momentum_10d,3,-0.0178,-3.42,-2.85,1217.0
-0.0356,,31230,,pos_momentum_10d,7,-0.0252,-6.29,-3.99,1213.0
-0.021,,31041,,pos_momentum_10d,14,-0.0222,-3.7,-3.67,1206.0
0.0194,,4796,,pos_momentum_10d_IS,1,-0.001,1.34,-0.06,208.0
0.0379,,4796,,pos_momentum_10d_IS,3,-0.0041,2.62,-0.27,208.0
0.0302,,4796,,pos_momentum_10d_IS,7,-0.0255,2.09,-1.75,208.0
-0.0297,,4796,,pos_momentum_10d_IS,14,-0.0378,-2.06,-2.91,208.0
-0.0201,,26596,,pos_momentum_10d_OOS,1,-0.0132,-3.27,-1.99,1011.0
-0.0251,,26542,,pos_momentum_10d_OOS,3,-0.0206,-4.1,-3.02,1009.0
-0.0431,,26434,,pos_momentum_10d_OOS,7,-0.0252,-7.01,-3.59,1005.0
-0.0212,,26245,,pos_momentum_10d_OOS,14,-0.0189,-3.44,-2.79,998.0
-0.0123,,30762,,pos_momentum_20d,1,-0.0103,-2.16,-1.6,1189.0
-0.02,,30708,,pos_momentum_20d,3,-0.018,-3.51,-2.85,1187.0
-0.0221,,30600,,pos_momentum_20d,7,-0.0223,-3.86,-3.48,1183.0
0.0108,,30411,,pos_momentum_20d,14,-0.0269,1.88,-4.31,1176.0
-0.0041,,4206,,pos_momentum_20d_IS,1,-0.0098,-0.27,-0.53,178.0
-0.0135,,4206,,pos_momentum_20d_IS,3,0.003,-0.88,0.18,178.0
-0.0531,,4206,,pos_momentum_20d_IS,7,-0.0482,-3.45,-3.28,178.0
-0.0769,,4206,,pos_momentum_20d_IS,14,-0.0745,-5.0,-4.93,178.0
-0.0135,,26556,,pos_momentum_20d_OOS,1,-0.0104,-2.19,-1.51,1011.0
-0.0212,,26502,,pos_momentum_20d_OOS,3,-0.0217,-3.44,-3.17,1009.0
-0.0202,,26394,,pos_momentum_20d_OOS,7,-0.0177,-3.29,-2.5,1005.0
0.0181,,26205,,pos_momentum_20d_OOS,14,-0.0184,2.92,-2.7,998.0
-0.0142,,30827,,taker_ls_divergence,1,0.0094,-2.49,1.52,1192.0
-0.0255,,30773,,taker_ls_divergence,3,0.0113,-4.47,1.78,1190.0
-0.0184,,30665,,taker_ls_divergence,7,0.0158,-3.21,2.44,1186.0
-0.037,,30476,,taker_ls_divergence,14,0.0199,-6.46,3.23,1179.0
-0.0555,,4265,,taker_ls_divergence_IS,1,0.0063,-3.63,0.36,181.0
-0.0341,,4265,,taker_ls_divergence_IS,3,0.0145,-2.23,0.81,181.0
-0.0177,,4265,,taker_ls_divergence_IS,7,0.0608,-1.15,3.53,181.0
-0.0322,,4265,,taker_ls_divergence_IS,14,0.0904,-2.1,5.67,181.0
-0.007,,26562,,taker_ls_divergence_OOS,1,0.01,-1.13,1.51,1011.0
-0.0232,,26508,,taker_ls_divergence_OOS,3,0.0107,-3.78,1.58,1009.0
-0.0178,,26400,,taker_ls_divergence_OOS,7,0.0077,-2.89,1.11,1005.0
-0.0377,,26211,,taker_ls_divergence_OOS,14,0.0071,-6.1,1.08,998.0
0.0059,,30827,,abs_taker_ls_divergence,1,-0.0036,1.03,-0.6,1192.0
0.0171,,30773,,abs_taker_ls_divergence,3,-0.0065,3.0,-1.05,1190.0
0.0129,,30665,,abs_taker_ls_divergence,7,-0.0146,2.27,-2.4,1186.0
0.013,,30476,,abs_taker_ls_divergence,14,-0.0026,2.27,-0.44,1179.0
0.015,,4265,,abs_taker_ls_divergence_IS,1,-0.0091,0.98,-0.53,181.0
0.0219,,4265,,abs_taker_ls_divergence_IS,3,-0.0025,1.43,-0.15,181.0
0.0294,,4265,,abs_taker_ls_divergence_IS,7,-0.0058,1.92,-0.37,181.0
0.021,,4265,,abs_taker_ls_divergence_IS,14,-0.0042,1.37,-0.26,181.0
0.0044,,26562,,abs_taker_ls_divergence_OOS,1,-0.0026,0.71,-0.41,1011.0
0.0162,,26508,,abs_taker_ls_divergence_OOS,3,-0.0072,2.65,-1.08,1009.0
0.0103,,26400,,abs_taker_ls_divergence_OOS,7,-0.0161,1.68,-2.45,1005.0
0.0118,,26211,,abs_taker_ls_divergence_OOS,14,-0.0023,1.91,-0.36,998.0
-0.0127,,45164,,sign_divergence,1,0.0157,-2.7,2.94,1675.0
-0.0227,,45110,,sign_divergence,3,0.0163,-4.82,3.02,1673.0
-0.0213,,45002,,sign_divergence,7,0.0191,-4.52,3.49,1669.0
-0.0308,,44813,,sign_divergence,14,0.021,-6.51,3.88,1662.0
-0.0288,,18524,,sign_divergence_IS,1,0.0241,-3.92,2.69,665.0
-0.0258,,18524,,sign_divergence_IS,3,0.0212,-3.52,2.27,665.0
-0.0342,,18524,,sign_divergence_IS,7,0.0314,-4.66,3.37,665.0
-0.0211,,18524,,sign_divergence_IS,14,0.0447,-2.87,4.81,665.0
-0.006,,26640,,sign_divergence_OOS,1,0.0102,-0.98,1.54,1010.0
-0.0228,,26586,,sign_divergence_OOS,3,0.0132,-3.72,2.01,1008.0
-0.0172,,26478,,sign_divergence_OOS,7,0.0109,-2.8,1.63,1004.0
-0.0386,,26289,,sign_divergence_OOS,14,0.0052,-6.27,0.8,997.0
