event_peak_ts,event_peak_cpi,entry_signal_ts,exit_signal_ts,exit_reason,symbol,entry_bar_ts,exit_bar_ts,entry_px,exit_px,gross_pnl_pct,costs_pct,pnl_pct,hold_hours,btc_ret
2025-04-15 17:45:00,0.8731546998023987,2025-04-15 17:46:00,2025-04-15 18:46:00,vdv30_zero,ETH,2025-04-15 17:00:00,2025-04-15 18:00:00,1615.37,1609.77,-0.0034666980320297576,0.0013,-0.004766698032029757,1.0,-0.0033128035058628104
2025-04-15 17:45:00,0.8731546998023987,2025-04-15 17:46:00,2025-04-15 18:46:00,vdv30_zero,SOL,2025-04-15 17:00:00,2025-04-15 18:00:00,128.14,128.07,-0.000546277508974506,0.0013,-0.0018462775089745059,1.0,-0.0033128035058628104
2025-04-15 19:45:00,0.9091209769248962,2025-04-15 20:01:00,2025-04-15 21:01:00,vdv30_zero,ETH,2025-04-15 20:00:00,2025-04-15 21:00:00,1594.39,1602.83,0.005293560546666642,0.0013,0.003993560546666642,1.0,0.001822966279291363
2025-04-15 19:45:00,0.9091209769248962,2025-04-15 20:01:00,2025-04-15 21:01:00,vdv30_zero,SOL,2025-04-15 20:00:00,2025-04-15 21:00:00,127.66,128.03,0.0028983236722544617,0.0013,0.0015983236722544618,1.0,0.001822966279291363
2025-04-16 00:20:00,0.887399435043335,2025-04-16 00:31:00,2025-04-16 01:31:00,vdv30_zero,ETH,2025-04-16 00:00:00,2025-04-16 01:00:00,1580.0,1595.75,0.009968354430379746,0.0013,0.008668354430379745,1.0,0.005834773275318617
2025-04-16 00:20:00,0.887399435043335,2025-04-16 00:31:00,2025-04-16 01:31:00,vdv30_zero,SOL,2025-04-16 00:00:00,2025-04-16 01:00:00,125.12,126.13,0.008072250639386117,0.0013,0.006772250639386117,1.0,0.005834773275318617
2025-05-20 05:59:00,0.8717004060745239,2025-05-20 06:09:00,2025-05-20 07:09:00,vdv30_zero,ETH,2025-05-20 06:00:00,2025-05-20 07:00:00,2542.76,2531.2,-0.004546241092356494,0.0013,-0.005846241092356494,1.0,-0.004095366932354794
2025-05-20 05:59:00,0.8717004060745239,2025-05-20 06:09:00,2025-05-20 07:09:00,vdv30_zero,SOL,2025-05-20 06:00:00,2025-05-20 07:00:00,168.3,167.27,-0.006120023767082597,0.0013,-0.007420023767082597,1.0,-0.004095366932354794
2025-05-20 10:12:00,0.860467791557312,2025-05-20 10:14:00,2025-05-20 11:17:00,vdv30_zero,ETH,2025-05-20 10:00:00,2025-05-20 11:00:00,2514.98,2513.32,-0.0006600450102982348,0.0013,-0.0019600450102982346,1.0,0.0017594749200996154
2025-05-20 10:12:00,0.860467791557312,2025-05-20 10:14:00,2025-05-20 11:17:00,vdv30_zero,SOL,2025-05-20 10:00:00,2025-05-20 11:00:00,166.27,166.38,0.0006615745474227775,0.0013,-0.0006384254525772224,1.0,0.0017594749200996154
2025-05-20 12:01:00,0.8567195534706116,2025-05-20 12:05:00,2025-05-20 13:05:00,vdv30_zero,ETH,2025-05-20 12:00:00,2025-05-20 13:00:00,2483.39,2474.51,-0.003575757331711755,0.0013,-0.004875757331711755,1.0,-0.0030854117606614853
2025-05-20 12:01:00,0.8567195534706116,2025-05-20 12:05:00,2025-05-20 13:05:00,vdv30_zero,SOL,2025-05-20 12:00:00,2025-05-20 13:00:00,165.97,165.27,-0.004217629692112964,0.0013,-0.005517629692112964,1.0,-0.0030854117606614853
2025-05-21 02:19:00,0.8787108659744263,2025-05-21 02:22:00,2025-05-21 03:29:00,vdv30_zero,ETH,2025-05-21 02:00:00,2025-05-21 03:00:00,2538.35,2543.77,0.002135245336537543,0.0013,0.0008352453365375431,1.0,-0.0001292076760595302
2025-05-21 02:19:00,0.8787108659744263,2025-05-21 02:22:00,2025-05-21 03:29:00,vdv30_zero,SOL,2025-05-21 02:00:00,2025-05-21 03:00:00,168.71,169.91,0.007112797107462442,0.0013,0.005812797107462442,1.0,-0.0001292076760595302
2025-05-21 09:45:00,0.9324477910995483,2025-05-21 10:22:00,2025-05-21 11:22:00,vdv30_zero,ETH,2025-05-21 10:00:00,2025-05-21 11:00:00,2527.59,2535.67,0.0031967209871853926,0.0013,0.0018967209871853926,1.0,0.0018882267603221848
2025-05-21 09:45:00,0.9324477910995483,2025-05-21 10:22:00,2025-05-21 11:22:00,vdv30_zero,SOL,2025-05-21 10:00:00,2025-05-21 11:00:00,168.08,169.26,0.0070204664445500855,0.0013,0.0057204664445500856,1.0,0.0018882267603221848
2025-05-24 23:39:00,0.9302103519439697,2025-05-24 23:47:00,2025-05-25 01:09:00,vdv30_zero,ETH,2025-05-24 23:00:00,2025-05-25 01:00:00,2529.27,2494.5,-0.013747049543939549,0.0013,-0.01504704954393955,2.0,-0.0008969450941466559
2025-05-24 23:39:00,0.9302103519439697,2025-05-24 23:47:00,2025-05-25 01:09:00,vdv30_zero,SOL,2025-05-24 23:00:00,2025-05-25 01:00:00,175.81,171.43,-0.024913258631477135,0.0013,-0.026213258631477134,2.0,-0.0008969450941466559
2025-05-25 01:52:00,0.822648823261261,2025-05-25 02:08:00,2025-05-25 03:08:00,vdv30_zero,ETH,2025-05-25 02:00:00,2025-05-25 03:00:00,2506.88,2511.79,0.0019586099055398957,0.0013,0.0006586099055398958,1.0,0.0015582518286978934
2025-05-25 01:52:00,0.822648823261261,2025-05-25 02:08:00,2025-05-25 03:08:00,vdv30_zero,SOL,2025-05-25 02:00:00,2025-05-25 03:00:00,172.28,173.53,0.007255630369166473,0.0013,0.005955630369166473,1.0,0.0015582518286978934
2025-06-09 21:41:00,0.9137734174728394,2025-06-09 21:44:00,2025-06-09 22:44:00,vdv30_zero,ETH,2025-06-09 21:00:00,2025-06-09 22:00:00,2642.59,2664.86,0.008427338330955608,0.0013,0.007127338330955608,1.0,0.001788316453784766
2025-06-09 21:41:00,0.9137734174728394,2025-06-09 21:44:00,2025-06-09 22:44:00,vdv30_zero,SOL,2025-06-09 21:00:00,2025-06-09 22:00:00,158.98,159.77,0.004969178513020635,0.0013,0.003669178513020635,1.0,0.001788316453784766
2025-06-10 00:51:00,0.9053665995597839,2025-06-10 01:34:00,2025-06-10 02:34:00,vdv30_zero,ETH,2025-06-10 01:00:00,2025-06-10 02:00:00,2707.69,2691.61,-0.00593864142497846,0.0013,-0.00723864142497846,1.0,-0.0012228603816016655
2025-06-10 00:51:00,0.9053665995597839,2025-06-10 01:34:00,2025-06-10 02:34:00,vdv30_zero,SOL,2025-06-10 01:00:00,2025-06-10 02:00:00,159.97,159.51,-0.0028755391635932235,0.0013,-0.004175539163593223,1.0,-0.0012228603816016655
2025-06-10 05:24:00,0.8496575355529785,2025-06-10 05:51:00,2025-06-10 07:24:00,vdv30_zero,ETH,2025-06-10 05:00:00,2025-06-10 07:00:00,2669.86,2676.67,0.0025506955420883286,0.0013,0.0012506955420883287,2.0,-0.000857495582113183
2025-06-10 05:24:00,0.8496575355529785,2025-06-10 05:51:00,2025-06-10 07:24:00,vdv30_zero,SOL,2025-06-10 05:00:00,2025-06-10 07:00:00,158.05,158.4,0.002214489085732327,0.0013,0.0009144890857323272,2.0,-0.000857495582113183
2025-06-19 21:30:00,0.863023579120636,2025-06-19 21:34:00,2025-06-19 22:35:00,vdv30_zero,ETH,2025-06-19 21:00:00,2025-06-19 22:00:00,2508.98,2522.7,0.005468357659287758,0.0013,0.004168357659287758,1.0,0.002602720677436159
2025-06-19 21:30:00,0.863023579120636,2025-06-19 21:34:00,2025-06-19 22:35:00,vdv30_zero,SOL,2025-06-19 21:00:00,2025-06-19 22:00:00,145.6,146.63,0.007074175824175832,0.0013,0.005774175824175832,1.0,0.002602720677436159
2025-06-21 18:01:00,0.9124560356140137,2025-06-21 18:14:00,2025-06-21 19:22:00,vdv30_zero,ETH,2025-06-21 18:00:00,2025-06-21 19:00:00,2386.72,2384.02,-0.001131259636656088,0.0013,-0.002431259636656088,1.0,-0.004027448626399355
2025-06-21 18:01:00,0.9124560356140137,2025-06-21 18:14:00,2025-06-21 19:22:00,vdv30_zero,SOL,2025-06-21 18:00:00,2025-06-21 19:00:00,137.65,137.24,-0.0029785688339992486,0.0013,-0.004278568833999248,1.0,-0.004027448626399355
2025-07-04 06:02:00,0.8861983418464661,2025-07-04 07:11:00,2025-07-04 08:19:00,vdv30_zero,ETH,2025-07-04 07:00:00,2025-07-04 08:00:00,2533.85,2546.2,0.0048740059593108944,0.0013,0.0035740059593108945,1.0,0.00045094376087096566
2025-07-04 06:02:00,0.8861983418464661,2025-07-04 07:11:00,2025-07-04 08:19:00,vdv30_zero,SOL,2025-07-04 07:00:00,2025-07-04 08:00:00,150.43,149.92,-0.0033902811939109175,0.0013,-0.004690281193910918,1.0,0.00045094376087096566
2025-07-15 08:58:00,0.8839564323425293,2025-07-15 09:22:00,2025-07-15 10:22:00,vdv30_zero,ETH,2025-07-15 09:00:00,2025-07-15 10:00:00,2971.65,2973.1,0.00048794440798876655,0.0013,-0.0008120555920112333,1.0,0.0024844794968351433
2025-07-15 08:58:00,0.8839564323425293,2025-07-15 09:22:00,2025-07-15 10:22:00,vdv30_zero,SOL,2025-07-15 09:00:00,2025-07-15 10:00:00,159.03,159.46,0.002703892347355888,0.0013,0.0014038923473558879,1.0,0.0024844794968351433
2025-07-15 15:52:00,0.8664392828941345,2025-07-15 15:54:00,2025-07-15 17:23:00,vdv30_zero,ETH,2025-07-15 15:00:00,2025-07-15 17:00:00,3039.0,3096.41,0.018891082592958162,0.0013,0.017591082592958163,2.0,0.008785751720464339
2025-07-15 15:52:00,0.8664392828941345,2025-07-15 15:54:00,2025-07-15 17:23:00,vdv30_zero,SOL,2025-07-15 15:00:00,2025-07-15 17:00:00,160.4,162.77,0.014775561097256886,0.0013,0.013475561097256887,2.0,0.008785751720464339
2025-07-15 18:10:00,0.9486640095710754,2025-07-15 18:32:00,2025-07-15 19:56:00,vdv30_zero,ETH,2025-07-15 18:00:00,2025-07-15 19:00:00,3065.53,3040.87,-0.00804428597991222,0.0013,-0.009344285979912222,1.0,-0.002522204221436583
2025-07-15 18:10:00,0.9486640095710754,2025-07-15 18:32:00,2025-07-15 19:56:00,vdv30_zero,SOL,2025-07-15 18:00:00,2025-07-15 19:00:00,161.78,160.14,-0.010137223389788693,0.0013,-0.011437223389788694,1.0,-0.002522204221436583
2025-07-15 20:32:00,0.9203549027442932,2025-07-15 20:33:00,2025-07-15 21:33:00,vdv30_zero,ETH,2025-07-15 20:00:00,2025-07-15 21:00:00,3041.06,3080.5,0.012969162068489295,0.0013,0.011669162068489294,1.0,0.009727686624860357
2025-07-15 20:32:00,0.9203549027442932,2025-07-15 20:33:00,2025-07-15 21:33:00,vdv30_zero,SOL,2025-07-15 20:00:00,2025-07-15 21:00:00,160.64,161.87,0.007656872509960273,0.0013,0.006356872509960273,1.0,0.009727686624860357
2025-07-15 23:49:00,0.8726077675819397,2025-07-15 23:52:00,2025-07-16 00:52:00,vdv30_zero,ETH,2025-07-15 23:00:00,2025-07-16 00:00:00,3137.62,3142.24,0.0014724536432072371,0.0013,0.00017245364320723718,1.0,0.0031935178382602124
2025-07-15 23:49:00,0.8726077675819397,2025-07-15 23:52:00,2025-07-16 00:52:00,vdv30_zero,SOL,2025-07-15 23:00:00,2025-07-16 00:00:00,163.99,164.76,0.004695408256600901,0.0013,0.003395408256600901,1.0,0.0031935178382602124
2025-07-16 01:14:00,0.857940673828125,2025-07-16 01:46:00,2025-07-16 02:46:00,vdv30_zero,ETH,2025-07-16 01:00:00,2025-07-16 02:00:00,3139.5,3115.3,-0.007708233795190259,0.0013,-0.009008233795190258,1.0,-0.0033263482285665977
2025-07-16 01:14:00,0.857940673828125,2025-07-16 01:46:00,2025-07-16 02:46:00,vdv30_zero,SOL,2025-07-16 01:00:00,2025-07-16 02:00:00,163.95,162.1,-0.011283928026837416,0.0013,-0.012583928026837415,1.0,-0.0033263482285665977
2025-07-16 12:56:00,0.8612069487571716,2025-07-16 13:41:00,2025-07-16 14:42:00,vdv30_zero,ETH,2025-07-16 13:00:00,2025-07-16 14:00:00,3194.39,3250.7,0.017627778699532602,0.0013,0.016327778699532603,1.0,0.0031057392544371616
2025-07-16 12:56:00,0.8612069487571716,2025-07-16 13:41:00,2025-07-16 14:42:00,vdv30_zero,SOL,2025-07-16 13:00:00,2025-07-16 14:00:00,167.28,167.53,0.0014945002391200382,0.0013,0.00019450023912003823,1.0,0.0031057392544371616
2025-07-18 13:44:00,0.9255184531211853,2025-07-18 13:56:00,2025-07-18 14:56:00,vdv30_zero,ETH,2025-07-18 13:00:00,2025-07-18 14:00:00,3640.34,3586.0,-0.01492717713180641,0.0013,-0.01622717713180641,1.0,-0.005413970907694743
2025-07-18 13:44:00,0.9255184531211853,2025-07-18 13:56:00,2025-07-18 14:56:00,vdv30_zero,SOL,2025-07-18 13:00:00,2025-07-18 14:00:00,180.79,178.5,-0.012666629791470724,0.0013,-0.013966629791470724,1.0,-0.005413970907694743
2025-07-18 15:11:00,0.8709605932235718,2025-07-18 15:13:00,2025-07-18 16:13:00,vdv30_zero,ETH,2025-07-18 15:00:00,2025-07-18 16:00:00,3564.7,3573.49,0.0024658456532106387,0.0013,0.0011658456532106388,1.0,-0.0024314690656029874
2025-07-18 15:11:00,0.8709605932235718,2025-07-18 15:13:00,2025-07-18 16:13:00,vdv30_zero,SOL,2025-07-18 15:00:00,2025-07-18 16:00:00,177.0,178.37,0.007740112994350308,0.0013,0.006440112994350308,1.0,-0.0024314690656029874
2025-07-19 19:07:00,0.8463653922080994,2025-07-19 19:26:00,2025-07-19 20:28:00,vdv30_zero,ETH,2025-07-19 19:00:00,2025-07-19 20:00:00,3577.13,3563.27,-0.0038746145653079777,0.0013,-0.005174614565307978,1.0,-0.002508935965342779
2025-07-19 19:07:00,0.8463653922080994,2025-07-19 19:26:00,2025-07-19 20:28:00,vdv30_zero,SOL,2025-07-19 19:00:00,2025-07-19 20:00:00,177.04,177.42,0.0021464075915047193,0.0013,0.0008464075915047193,1.0,-0.002508935965342779
2025-07-21 12:03:00,0.8588484525680542,2025-07-21 12:04:00,2025-07-21 13:07:00,vdv30_zero,ETH,2025-07-21 12:00:00,2025-07-21 13:00:00,3809.68,3818.99,0.002443774805232971,0.0013,0.0011437748052329712,1.0,0.005633979260252354
2025-07-21 12:03:00,0.8588484525680542,2025-07-21 12:04:00,2025-07-21 13:07:00,vdv30_zero,SOL,2025-07-21 12:00:00,2025-07-21 13:00:00,191.66,192.55,0.004643639778774991,0.0013,0.0033436397787749914,1.0,0.005633979260252354
2025-07-22 20:34:00,0.9310362935066223,2025-07-22 20:36:00,2025-07-22 21:36:00,vdv30_zero,ETH,2025-07-22 20:00:00,2025-07-22 21:00:00,3706.98,3705.11,-0.0005044537602036943,0.0013,-0.0018044537602036944,1.0,-0.002496592139201042
2025-07-22 20:34:00,0.9310362935066223,2025-07-22 20:36:00,2025-07-22 21:36:00,vdv30_zero,SOL,2025-07-22 20:00:00,2025-07-22 21:00:00,200.71,201.45,0.0036869114643016325,0.0013,0.0023869114643016325,1.0,-0.002496592139201042
2025-07-23 01:14:00,0.9359747171401978,2025-07-23 01:29:00,2025-07-23 02:29:00,vdv30_zero,ETH,2025-07-23 01:00:00,2025-07-23 02:00:00,3738.01,3744.81,0.0018191497615040427,0.0013,0.0005191497615040428,1.0,-0.0035558396508751132
2025-07-23 01:14:00,0.9359747171401978,2025-07-23 01:29:00,2025-07-23 02:29:00,vdv30_zero,SOL,2025-07-23 01:00:00,2025-07-23 02:00:00,203.14,202.4,-0.0036428079157230517,0.0013,-0.004942807915723052,1.0,-0.0035558396508751132
2025-07-23 09:17:00,0.9159666895866394,2025-07-23 09:44:00,2025-07-23 10:44:00,vdv30_zero,ETH,2025-07-23 09:00:00,2025-07-23 10:00:00,3657.54,3665.12,0.0020724311969246892,0.0013,0.0007724311969246893,1.0,0.002788935780749528
2025-07-23 09:17:00,0.9159666895866394,2025-07-23 09:44:00,2025-07-23 10:44:00,vdv30_zero,SOL,2025-07-23 09:00:00,2025-07-23 10:00:00,197.69,197.95,0.0013151904496939194,0.0013,1.5190449693919467e-05,1.0,0.002788935780749528
2025-07-23 13:44:00,0.9350787997245789,2025-07-23 13:46:00,2025-07-23 14:59:00,vdv30_zero,ETH,2025-07-23 13:00:00,2025-07-23 14:00:00,3586.65,3616.34,0.008277919507060921,0.0013,0.006977919507060921,1.0,0.007101784863559338
2025-07-23 13:44:00,0.9350787997245789,2025-07-23 13:46:00,2025-07-23 14:59:00,vdv30_zero,SOL,2025-07-23 13:00:00,2025-07-23 14:00:00,189.18,191.59,0.012739190189237744,0.0013,0.011439190189237745,1.0,0.007101784863559338
2025-07-23 15:05:00,0.9285292029380798,2025-07-23 15:08:00,2025-07-23 16:39:00,vdv30_zero,ETH,2025-07-23 15:00:00,2025-07-23 16:00:00,3643.55,3570.6,-0.020021682150649853,0.0013,-0.021321682150649852,1.0,-0.007253798584336612
2025-07-23 15:05:00,0.9285292029380798,2025-07-23 15:08:00,2025-07-23 16:39:00,vdv30_zero,SOL,2025-07-23 15:00:00,2025-07-23 16:00:00,192.72,188.28,-0.02303860523038604,0.0013,-0.02433860523038604,1.0,-0.007253798584336612
2025-07-23 23:46:00,0.8995035886764526,2025-07-24 00:07:00,2025-07-24 01:18:00,vdv30_zero,ETH,2025-07-24 00:00:00,2025-07-24 01:00:00,3644.9,3646.9,0.0005487118988175258,0.0013,-0.0007512881011824741,1.0,0.000304980508132838
2025-07-23 23:46:00,0.8995035886764526,2025-07-24 00:07:00,2025-07-24 01:18:00,vdv30_zero,SOL,2025-07-24 00:00:00,2025-07-24 01:00:00,190.96,191.52,0.0029325513196481055,0.0013,0.0016325513196481056,1.0,0.000304980508132838
2025-07-24 02:11:00,0.8615391254425049,2025-07-24 03:35:00,2025-07-24 04:35:00,vdv30_zero,ETH,2025-07-24 03:00:00,2025-07-24 04:00:00,3640.31,3608.81,-0.008653109213226345,0.0013,-0.009953109213226344,1.0,-0.004608637290367738
2025-07-24 02:11:00,0.8615391254425049,2025-07-24 03:35:00,2025-07-24 04:35:00,vdv30_zero,SOL,2025-07-24 03:00:00,2025-07-24 04:00:00,189.87,186.03,-0.02022436403855271,0.0013,-0.02152436403855271,1.0,-0.004608637290367738
2025-07-24 07:04:00,0.9274174571037292,2025-07-24 07:18:00,2025-07-24 08:18:00,vdv30_zero,ETH,2025-07-24 07:00:00,2025-07-24 08:00:00,3589.94,3632.84,0.011950060446692728,0.0013,0.010650060446692727,1.0,0.003212861584211974
2025-07-24 07:04:00,0.9274174571037292,2025-07-24 07:18:00,2025-07-24 08:18:00,vdv30_zero,SOL,2025-07-24 07:00:00,2025-07-24 08:00:00,184.15,186.01,0.010100461580233425,0.0013,0.008800461580233426,1.0,0.003212861584211974
2025-07-24 13:11:00,0.8665376305580139,2025-07-24 13:12:00,2025-07-24 14:24:00,vdv30_zero,ETH,2025-07-24 13:00:00,2025-07-24 14:00:00,3629.25,3733.88,0.028829647998897874,0.0013,0.027529647998897875,1.0,0.007195492641185018
2025-07-24 13:11:00,0.8665376305580139,2025-07-24 13:12:00,2025-07-24 14:24:00,vdv30_zero,SOL,2025-07-24 13:00:00,2025-07-24 14:00:00,184.55,189.49,0.026767813600650215,0.0013,0.025467813600650216,1.0,0.007195492641185018
2025-07-24 15:18:00,0.875149667263031,2025-07-24 15:35:00,2025-07-24 16:45:00,vdv30_zero,ETH,2025-07-24 15:00:00,2025-07-24 16:00:00,3730.46,3686.22,-0.011859127292612771,0.0013,-0.01315912729261277,1.0,-0.004838163798844634
2025-07-24 15:18:00,0.875149667263031,2025-07-24 15:35:00,2025-07-24 16:45:00,vdv30_zero,SOL,2025-07-24 15:00:00,2025-07-24 16:00:00,188.47,185.78,-0.014272828566880658,0.0013,-0.015572828566880657,1.0,-0.004838163798844634
2025-07-24 17:59:00,0.898760199546814,2025-07-24 18:02:00,2025-07-24 19:02:00,vdv30_zero,ETH,2025-07-24 18:00:00,2025-07-24 19:00:00,3739.91,3730.81,-0.0024332136334831345,0.0013,-0.0037332136334831344,1.0,-0.0008571140465866694
2025-07-24 17:59:00,0.898760199546814,2025-07-24 18:02:00,2025-07-24 19:02:00,vdv30_zero,SOL,2025-07-24 18:00:00,2025-07-24 19:00:00,189.21,187.94,-0.00671211880978812,0.0013,-0.00801211880978812,1.0,-0.0008571140465866694
2025-07-24 19:25:00,0.8940286636352539,2025-07-24 19:28:00,2025-07-24 20:28:00,vdv30_zero,ETH,2025-07-24 19:00:00,2025-07-24 20:00:00,3730.81,3733.78,0.0007960737748639718,0.0013,-0.0005039262251360281,1.0,-0.001884745420598525
2025-07-24 19:25:00,0.8940286636352539,2025-07-24 19:28:00,2025-07-24 20:28:00,vdv30_zero,SOL,2025-07-24 19:00:00,2025-07-24 20:00:00,187.94,188.79,0.0045227200170266805,0.0013,0.0032227200170266805,1.0,-0.001884745420598525
2025-07-24 20:58:00,0.8829112648963928,2025-07-24 22:11:00,2025-07-24 23:11:00,vdv30_zero,ETH,2025-07-24 22:00:00,2025-07-24 23:00:00,3723.2,3706.2,-0.004565964761495488,0.0013,-0.005865964761495488,1.0,0.0005844777593948314
2025-07-24 20:58:00,0.8829112648963928,2025-07-24 22:11:00,2025-07-24 23:11:00,vdv30_zero,SOL,2025-07-24 22:00:00,2025-07-24 23:00:00,183.64,182.8,-0.004574166848181088,0.0013,-0.005874166848181088,1.0,0.0005844777593948314
2025-07-24 22:34:00,0.9140370488166809,2025-07-24 23:03:00,2025-07-25 00:03:00,vdv30_zero,ETH,2025-07-24 23:00:00,2025-07-25 00:00:00,3706.2,3658.52,-0.01286492903782846,0.0013,-0.014164929037828459,1.0,-0.005700190119050562
2025-07-24 22:34:00,0.9140370488166809,2025-07-24 23:03:00,2025-07-25 00:03:00,vdv30_zero,SOL,2025-07-24 23:00:00,2025-07-25 00:00:00,182.8,181.86,-0.005142231947483576,0.0013,-0.006442231947483576,1.0,-0.005700190119050562
2025-07-25 01:17:00,0.9383111596107483,2025-07-25 01:42:00,2025-07-25 02:42:00,vdv30_zero,ETH,2025-07-25 01:00:00,2025-07-25 02:00:00,3681.65,3614.12,-0.018342319340513138,0.0013,-0.019642319340513137,1.0,-0.008818363195201394
2025-07-25 01:17:00,0.9383111596107483,2025-07-25 01:42:00,2025-07-25 02:42:00,vdv30_zero,SOL,2025-07-25 01:00:00,2025-07-25 02:00:00,182.86,178.74,-0.02253089795471948,0.0013,-0.02383089795471948,1.0,-0.008818363195201394
2025-08-02 17:52:00,0.8710803985595703,2025-08-02 17:57:00,2025-08-02 18:57:00,vdv30_zero,ETH,2025-08-02 17:00:00,2025-08-02 18:00:00,3422.85,3382.05,-0.011919891318637897,0.0013,-0.013219891318637898,1.0,-0.003586850227261811
2025-08-02 17:52:00,0.8710803985595703,2025-08-02 17:57:00,2025-08-02 18:57:00,vdv30_zero,SOL,2025-08-02 17:00:00,2025-08-02 18:00:00,159.23,156.53,-0.016956603655090052,0.0013,-0.01825660365509005,1.0,-0.003586850227261811
2025-08-08 12:51:00,0.88534015417099,2025-08-08 13:35:00,2025-08-08 14:42:00,vdv30_zero,ETH,2025-08-08 13:00:00,2025-08-08 14:00:00,3998.95,3983.41,-0.0038860200802710624,0.0013,-0.005186020080271062,1.0,-0.0036033707903627655
2025-08-08 12:51:00,0.88534015417099,2025-08-08 13:35:00,2025-08-08 14:42:00,vdv30_zero,SOL,2025-08-08 13:00:00,2025-08-08 14:00:00,178.54,176.4,-0.011986109555281654,0.0013,-0.013286109555281655,1.0,-0.0036033707903627655
2025-08-09 02:28:00,0.8575292229652405,2025-08-09 04:21:00,2025-08-09 05:21:00,vdv30_zero,ETH,2025-08-09 04:00:00,2025-08-09 05:00:00,4079.43,4180.74,0.024834351857980146,0.0013,0.023534351857980147,1.0,0.0025845521455735497
2025-08-09 02:28:00,0.8575292229652405,2025-08-09 04:21:00,2025-08-09 05:21:00,vdv30_zero,SOL,2025-08-09 04:00:00,2025-08-09 05:00:00,178.59,180.78,0.012262724676633616,0.0013,0.010962724676633617,1.0,0.0025845521455735497
2025-08-09 04:44:00,0.8355576395988464,2025-08-09 05:14:00,2025-08-09 06:20:00,vdv30_zero,ETH,2025-08-09 05:00:00,2025-08-09 06:00:00,4180.74,4161.36,-0.004635542989997013,0.0013,-0.005935542989997013,1.0,-0.0007138902648678824
2025-08-09 04:44:00,0.8355576395988464,2025-08-09 05:14:00,2025-08-09 06:20:00,vdv30_zero,SOL,2025-08-09 05:00:00,2025-08-09 06:00:00,180.78,179.52,-0.006969797543976053,0.0013,-0.008269797543976054,1.0,-0.0007138902648678824
2025-08-09 18:45:00,0.8570117950439453,2025-08-09 20:46:00,2025-08-09 21:46:00,vdv30_zero,ETH,2025-08-09 20:00:00,2025-08-09 21:00:00,4289.34,4276.23,-0.0030564142735247336,0.0013,-0.0043564142735247335,1.0,-0.0021750509068137105
2025-08-09 18:45:00,0.8570117950439453,2025-08-09 20:46:00,2025-08-09 21:46:00,vdv30_zero,SOL,2025-08-09 20:00:00,2025-08-09 21:00:00,183.0,181.17,-0.010000000000000068,0.0013,-0.011300000000000067,1.0,-0.0021750509068137105
2025-08-09 21:14:00,0.8937135934829712,2025-08-09 21:43:00,2025-08-09 23:03:00,vdv30_zero,ETH,2025-08-09 21:00:00,2025-08-09 23:00:00,4276.23,4259.1,-0.004005864979198781,0.0013,-0.005305864979198781,2.0,-0.0004885000729744776
2025-08-09 21:14:00,0.8937135934829712,2025-08-09 21:43:00,2025-08-09 23:03:00,vdv30_zero,SOL,2025-08-09 21:00:00,2025-08-09 23:00:00,181.17,179.85,-0.007285974499089216,0.0013,-0.008585974499089216,2.0,-0.0004885000729744776
2025-08-17 20:24:00,0.8843573927879333,2025-08-17 21:53:00,2025-08-17 22:53:00,vdv30_zero,ETH,2025-08-17 21:00:00,2025-08-17 22:00:00,4472.62,4520.07,0.0106089942807571,0.0013,0.009308994280757099,1.0,0.0021283811638266505
2025-08-17 20:24:00,0.8843573927879333,2025-08-17 21:53:00,2025-08-17 22:53:00,vdv30_zero,SOL,2025-08-17 21:00:00,2025-08-17 22:00:00,191.15,192.99,0.009625948208213463,0.0013,0.008325948208213464,1.0,0.0021283811638266505
2025-08-20 15:54:00,0.9072394371032715,2025-08-20 15:57:00,2025-08-20 17:04:00,vdv30_zero,ETH,2025-08-20 15:00:00,2025-08-20 17:00:00,4253.47,4341.76,0.02075717002823576,0.0013,0.01945717002823576,2.0,0.007528884259953926
2025-08-20 15:54:00,0.9072394371032715,2025-08-20 15:57:00,2025-08-20 17:04:00,vdv30_zero,SOL,2025-08-20 15:00:00,2025-08-20 17:00:00,182.95,185.08,0.011642525280131315,0.0013,0.010342525280131316,2.0,0.007528884259953926
2025-08-21 07:20:00,0.8615777492523193,2025-08-21 07:33:00,2025-08-21 08:42:00,vdv30_zero,ETH,2025-08-21 07:00:00,2025-08-21 08:00:00,4309.16,4284.09,-0.0058178392076413295,0.0013,-0.007117839207641329,1.0,-0.0026441361668634394
2025-08-21 07:20:00,0.8615777492523193,2025-08-21 07:33:00,2025-08-21 08:42:00,vdv30_zero,SOL,2025-08-21 07:00:00,2025-08-21 08:00:00,186.93,185.59,-0.007168458781362025,0.0013,-0.008468458781362025,1.0,-0.0026441361668634394
2025-08-28 19:15:00,0.8484841585159302,2025-08-28 19:19:00,2025-08-28 20:19:00,vdv30_zero,ETH,2025-08-28 19:00:00,2025-08-28 20:00:00,4436.18,4457.33,0.004767615380800516,0.0013,0.0034676153808005164,1.0,-0.00013140874645886584
2025-08-28 19:15:00,0.8484841585159302,2025-08-28 19:19:00,2025-08-28 20:19:00,vdv30_zero,SOL,2025-08-28 19:00:00,2025-08-28 20:00:00,209.88,213.13,0.015485039069944731,0.0013,0.01418503906994473,1.0,-0.00013140874645886584
2025-09-01 00:22:00,0.8319849967956543,2025-09-01 00:36:00,2025-09-01 01:36:00,vdv30_zero,ETH,2025-09-01 00:00:00,2025-09-01 01:00:00,4393.82,4414.5,0.0047066106485928625,0.0013,0.0034066106485928626,1.0,-0.000647993484938596
2025-09-01 00:22:00,0.8319849967956543,2025-09-01 00:36:00,2025-09-01 01:36:00,vdv30_zero,SOL,2025-09-01 00:00:00,2025-09-01 01:00:00,200.35,200.86,0.002545545295732565,0.0013,0.001245545295732565,1.0,-0.000647993484938596
2025-09-03 23:28:00,0.8563093543052673,2025-09-04 00:30:00,2025-09-04 01:30:00,vdv30_zero,ETH,2025-09-04 00:00:00,2025-09-04 01:00:00,4466.52,4466.36,-3.582207176969183e-05,0.0013,-0.0013358220717696917,1.0,-0.0010302154882274597
2025-09-03 23:28:00,0.8563093543052673,2025-09-04 00:30:00,2025-09-04 01:30:00,vdv30_zero,SOL,2025-09-04 00:00:00,2025-09-04 01:00:00,211.13,210.3,-0.003931227205986758,0.0013,-0.005231227205986758,1.0,-0.0010302154882274597
2025-09-06 12:22:00,0.8720905780792236,2025-09-06 16:04:00,2025-09-06 17:10:00,vdv30_zero,ETH,2025-09-06 16:00:00,2025-09-06 17:00:00,4287.52,4270.9,-0.003876366757473038,0.0013,-0.005176366757473037,1.0,-0.0009990363518567128
2025-09-06 12:22:00,0.8720905780792236,2025-09-06 16:04:00,2025-09-06 17:10:00,vdv30_zero,SOL,2025-09-06 16:00:00,2025-09-06 17:00:00,201.52,200.04,-0.007344184200079486,0.0013,-0.008644184200079487,1.0,-0.0009990363518567128
2025-09-06 14:36:00,0.8547185659408569,2025-09-06 16:04:00,2025-09-06 17:10:00,vdv30_zero,ETH,2025-09-06 16:00:00,2025-09-06 17:00:00,4287.52,4270.9,-0.003876366757473038,0.0013,-0.005176366757473037,1.0,-0.0009990363518567128
2025-09-06 14:36:00,0.8547185659408569,2025-09-06 16:04:00,2025-09-06 17:10:00,vdv30_zero,SOL,2025-09-06 16:00:00,2025-09-06 17:00:00,201.52,200.04,-0.007344184200079486,0.0013,-0.008644184200079487,1.0,-0.0009990363518567128
2025-09-06 16:19:00,0.8633421063423157,2025-09-06 16:29:00,2025-09-06 17:35:00,vdv30_zero,ETH,2025-09-06 16:00:00,2025-09-06 17:00:00,4287.52,4270.9,-0.003876366757473038,0.0013,-0.005176366757473037,1.0,-0.0009990363518567128
2025-09-06 16:19:00,0.8633421063423157,2025-09-06 16:29:00,2025-09-06 17:35:00,vdv30_zero,SOL,2025-09-06 16:00:00,2025-09-06 17:00:00,201.52,200.04,-0.007344184200079486,0.0013,-0.008644184200079487,1.0,-0.0009990363518567128
2025-09-06 17:43:00,0.8816123604774475,2025-09-06 18:57:00,2025-09-06 19:59:00,vdv30_zero,ETH,2025-09-06 18:00:00,2025-09-06 19:00:00,4276.87,4253.95,-0.005359059312067019,0.0013,-0.006659059312067019,1.0,-0.0017208782651078846
2025-09-06 17:43:00,0.8816123604774475,2025-09-06 18:57:00,2025-09-06 19:59:00,vdv30_zero,SOL,2025-09-06 18:00:00,2025-09-06 19:00:00,199.92,199.65,-0.0013505402160863436,0.0013,-0.0026505402160863435,1.0,-0.0017208782651078846
2025-09-07 11:36:00,0.8312137722969055,2025-09-07 14:15:00,2025-09-07 15:16:00,vdv30_zero,ETH,2025-09-07 14:00:00,2025-09-07 15:00:00,4298.03,4297.16,-0.00020241831722903072,0.0013,-0.0015024183172290307,1.0,0.0016571835441043176
2025-09-07 11:36:00,0.8312137722969055,2025-09-07 14:15:00,2025-09-07 15:16:00,vdv30_zero,SOL,2025-09-07 14:00:00,2025-09-07 15:00:00,203.57,205.09,0.0074667190646952415,0.0013,0.0061667190646952415,1.0,0.0016571835441043176
2025-09-07 19:09:00,0.8991652727127075,2025-09-07 19:12:00,2025-09-07 20:18:00,vdv30_zero,ETH,2025-09-07 19:00:00,2025-09-07 20:00:00,4291.32,4298.3,0.0016265391534540591,0.0013,0.0003265391534540592,1.0,0.0005916361707293212
2025-09-07 19:09:00,0.8991652727127075,2025-09-07 19:12:00,2025-09-07 20:18:00,vdv30_zero,SOL,2025-09-07 19:00:00,2025-09-07 20:00:00,202.98,204.83,0.009114198443196487,0.0013,0.007814198443196488,1.0,0.0005916361707293212
2025-09-07 20:24:00,0.8605653643608093,2025-09-07 22:36:00,2025-09-08 00:06:00,vdv30_zero,ETH,2025-09-07 22:00:00,2025-09-08 00:00:00,4308.0,4296.76,-0.0026090993500463744,0.0013,-0.003909099350046375,2.0,-0.0036997101563967863
2025-09-07 20:24:00,0.8605653643608093,2025-09-07 22:36:00,2025-09-08 00:06:00,vdv30_zero,SOL,2025-09-07 22:00:00,2025-09-08 00:00:00,207.03,205.6,-0.00690721151523937,0.0013,-0.008207211515239371,2.0,-0.0036997101563967863
2025-10-04 17:38:00,0.9552008509635925,2025-10-04 20:08:00,2025-10-04 21:10:00,vdv30_zero,ETH,2025-10-04 20:00:00,2025-10-04 21:00:00,4473.0,4482.5,0.002123854236530293,0.0013,0.0008238542365302929,1.0,0.0025206676691333636
2025-10-04 17:38:00,0.9552008509635925,2025-10-04 20:08:00,2025-10-04 21:10:00,vdv30_zero,SOL,2025-10-04 20:00:00,2025-10-04 21:00:00,227.2,227.15,-0.00022007042253513622,0.0013,-0.001520070422535136,1.0,0.0025206676691333636
2025-10-05 04:12:00,0.8976353406906128,2025-10-05 04:59:00,2025-10-05 05:59:00,cpi_regime_flip,ETH,2025-10-05 04:00:00,2025-10-05 05:00:00,4573.16,4568.08,-0.001110829273412679,0.0013,-0.002410829273412679,1.0,-0.0005153094852897118
2025-10-05 04:12:00,0.8976353406906128,2025-10-05 04:59:00,2025-10-05 05:59:00,cpi_regime_flip,SOL,2025-10-05 04:00:00,2025-10-05 05:00:00,233.72,234.43,0.0030378230361116205,0.0013,0.0017378230361116205,1.0,-0.0005153094852897118
2025-10-05 16:47:00,0.9080115556716919,2025-10-05 17:12:00,2025-10-05 18:15:00,vdv30_zero,ETH,2025-10-05 17:00:00,2025-10-05 18:00:00,4510.21,4517.02,0.001509907520935921,0.0013,0.00020990752093592098,1.0,-0.00040970979702289074
2025-10-05 16:47:00,0.9080115556716919,2025-10-05 17:12:00,2025-10-05 18:15:00,vdv30_zero,SOL,2025-10-05 17:00:00,2025-10-05 18:00:00,229.57,228.85,-0.003136298296815781,0.0013,-0.004436298296815781,1.0,-0.00040970979702289074
2025-10-06 21:35:00,0.9376843571662903,2025-10-06 21:52:00,2025-10-06 22:54:00,vdv30_zero,ETH,2025-10-06 21:00:00,2025-10-06 22:00:00,4691.77,4696.98,0.001110455116086067,0.0013,-0.00018954488391393297,1.0,-0.0004973533127568494
2025-10-06 21:35:00,0.9376843571662903,2025-10-06 21:52:00,2025-10-06 22:54:00,vdv30_zero,SOL,2025-10-06 21:00:00,2025-10-06 22:00:00,234.13,234.52,0.0016657412548584751,0.0013,0.0003657412548584752,1.0,-0.0004973533127568494
2025-10-06 23:13:00,0.8698147535324097,2025-10-07 00:19:00,2025-10-07 01:41:00,vdv30_zero,ETH,2025-10-07 00:00:00,2025-10-07 01:00:00,4678.01,4674.24,-0.0008058982345057912,0.0013,-0.0021058982345057912,1.0,-0.0015402445969293058
2025-10-06 23:13:00,0.8698147535324097,2025-10-07 00:19:00,2025-10-07 01:41:00,vdv30_zero,SOL,2025-10-07 00:00:00,2025-10-07 01:00:00,232.38,232.58,0.0008606592649970611,0.0013,-0.0004393407350029388,1.0,-0.0015402445969293058
2025-10-09 16:55:00,0.8932363986968994,2025-10-09 17:00:00,2025-10-09 18:00:00,vdv30_zero,ETH,2025-10-09 17:00:00,2025-10-09 18:00:00,4332.65,4306.17,-0.006111733004050539,0.0013,-0.007411733004050539,1.0,-0.002610085051060457
2025-10-09 16:55:00,0.8932363986968994,2025-10-09 17:00:00,2025-10-09 18:00:00,vdv30_zero,SOL,2025-10-09 17:00:00,2025-10-09 18:00:00,219.21,217.43,-0.008120067515168108,0.0013,-0.009420067515168107,1.0,-0.002610085051060457
2025-10-10 09:50:00,0.8910821676254272,2025-10-10 09:53:00,2025-10-10 10:53:00,vdv30_zero,ETH,2025-10-10 09:00:00,2025-10-10 10:00:00,4319.99,4340.59,0.004768529556781466,0.0013,0.003468529556781466,1.0,0.0015958776048475092
2025-10-10 09:50:00,0.8910821676254272,2025-10-10 09:53:00,2025-10-10 10:53:00,vdv30_zero,SOL,2025-10-10 09:00:00,2025-10-10 10:00:00,218.83,220.29,0.006671845724991909,0.0013,0.0053718457249919095,1.0,0.0015958776048475092
2025-10-16 16:20:00,0.924859344959259,2025-10-16 16:21:00,2025-10-16 17:36:00,vdv30_zero,ETH,2025-10-16 16:00:00,2025-10-16 17:00:00,3962.79,3920.15,-0.010760095791096646,0.0013,-0.012060095791096646,1.0,-0.008814567116279145
2025-10-16 16:20:00,0.924859344959259,2025-10-16 16:21:00,2025-10-16 17:36:00,vdv30_zero,SOL,2025-10-16 16:00:00,2025-10-16 17:00:00,192.18,189.54,-0.013737121448641974,0.0013,-0.015037121448641975,1.0,-0.008814567116279145
2025-10-16 20:56:00,0.9500202536582947,2025-10-16 21:10:00,2025-10-16 22:38:00,vdv30_zero,ETH,2025-10-16 21:00:00,2025-10-16 22:00:00,3881.61,3863.25,-0.004729996058336651,0.0013,-0.006029996058336651,1.0,-0.005868539185878597
2025-10-16 20:56:00,0.9500202536582947,2025-10-16 21:10:00,2025-10-16 22:38:00,vdv30_zero,SOL,2025-10-16 21:00:00,2025-10-16 22:00:00,185.51,183.04,-0.013314646110721789,0.0013,-0.014614646110721788,1.0,-0.005868539185878597
2025-10-16 22:14:00,0.931212306022644,2025-10-16 22:33:00,2025-10-16 23:33:00,vdv30_zero,ETH,2025-10-16 22:00:00,2025-10-16 23:00:00,3863.25,3892.02,0.00744709765094156,0.0013,0.00614709765094156,1.0,0.0036282294630052784
2025-10-16 22:14:00,0.931212306022644,2025-10-16 22:33:00,2025-10-16 23:33:00,vdv30_zero,SOL,2025-10-16 22:00:00,2025-10-16 23:00:00,183.04,184.76,0.009396853146853141,0.0013,0.008096853146853142,1.0,0.0036282294630052784
2025-10-17 06:35:00,0.9593023061752319,2025-10-17 06:38:00,2025-10-17 07:38:00,vdv30_zero,ETH,2025-10-17 06:00:00,2025-10-17 07:00:00,3818.75,3754.79,-0.016748936170212777,0.0013,-0.018048936170212776,1.0,-0.010504306034446428
2025-10-17 06:35:00,0.9593023061752319,2025-10-17 06:38:00,2025-10-17 07:38:00,vdv30_zero,SOL,2025-10-17 06:00:00,2025-10-17 07:00:00,180.32,177.7,-0.014529724933451667,0.0013,-0.015829724933451667,1.0,-0.010504306034446428
2025-10-17 11:07:00,0.9468978047370911,2025-10-17 11:09:00,2025-10-17 12:09:00,vdv30_zero,ETH,2025-10-17 11:00:00,2025-10-17 12:00:00,3776.3,3773.7,-0.0006885046209253406,0.0013,-0.0019885046209253405,1.0,-0.0030934424133963676
2025-10-17 11:07:00,0.9468978047370911,2025-10-17 11:09:00,2025-10-17 12:09:00,vdv30_zero,SOL,2025-10-17 11:00:00,2025-10-17 12:00:00,181.36,179.99,-0.007554036171151326,0.0013,-0.008854036171151325,1.0,-0.0030934424133963676
2025-10-17 14:16:00,0.9314398169517517,2025-10-17 14:22:00,2025-10-17 15:25:00,vdv30_zero,ETH,2025-10-17 14:00:00,2025-10-17 15:00:00,3749.1,3796.02,0.012515003600864227,0.0013,0.011215003600864228,1.0,0.015594957326024339
2025-10-17 14:16:00,0.9314398169517517,2025-10-17 14:22:00,2025-10-17 15:25:00,vdv30_zero,SOL,2025-10-17 14:00:00,2025-10-17 15:00:00,178.33,182.65,0.02422475186452079,0.0013,0.022924751864520792,1.0,0.015594957326024339
2025-10-18 05:23:00,0.9239101409912109,2025-10-18 05:48:00,2025-10-18 06:51:00,vdv30_zero,ETH,2025-10-18 05:00:00,2025-10-18 06:00:00,3865.08,3870.69,0.0014514576671117098,0.0013,0.00015145766711170986,1.0,0.0004299548313247736
2025-10-18 05:23:00,0.9239101409912109,2025-10-18 05:48:00,2025-10-18 06:51:00,vdv30_zero,SOL,2025-10-18 05:00:00,2025-10-18 06:00:00,184.45,186.24,0.009704526972079266,0.0013,0.008404526972079267,1.0,0.0004299548313247736
2025-10-18 16:33:00,0.933302640914917,2025-10-18 16:35:00,2025-10-18 17:35:00,vdv30_zero,ETH,2025-10-18 16:00:00,2025-10-18 17:00:00,3863.99,3892.1,0.007274863547783542,0.0013,0.005974863547783542,1.0,0.0020778358237657515
2025-10-18 16:33:00,0.933302640914917,2025-10-18 16:35:00,2025-10-18 17:35:00,vdv30_zero,SOL,2025-10-18 16:00:00,2025-10-18 17:00:00,184.17,185.88,0.009284899820817767,0.0013,0.007984899820817768,1.0,0.0020778358237657515
2025-10-19 00:50:00,0.8639598488807678,2025-10-19 03:28:00,2025-10-19 04:30:00,vdv30_zero,ETH,2025-10-19 03:00:00,2025-10-19 04:00:00,3904.7,3901.48,-0.0008246472200168515,0.0013,-0.0021246472200168514,1.0,-0.0021665350082398127
2025-10-19 00:50:00,0.8639598488807678,2025-10-19 03:28:00,2025-10-19 04:30:00,vdv30_zero,SOL,2025-10-19 03:00:00,2025-10-19 04:00:00,186.95,186.73,-0.0011767852366942973,0.0013,-0.0024767852366942974,1.0,-0.0021665350082398127
2025-10-19 02:59:00,0.9084782004356384,2025-10-19 03:28:00,2025-10-19 04:30:00,vdv30_zero,ETH,2025-10-19 03:00:00,2025-10-19 04:00:00,3904.7,3901.48,-0.0008246472200168515,0.0013,-0.0021246472200168514,1.0,-0.0021665350082398127
2025-10-19 02:59:00,0.9084782004356384,2025-10-19 03:28:00,2025-10-19 04:30:00,vdv30_zero,SOL,2025-10-19 03:00:00,2025-10-19 04:00:00,186.95,186.73,-0.0011767852366942973,0.0013,-0.0024767852366942974,1.0,-0.0021665350082398127
2025-10-19 07:43:00,0.9405512809753418,2025-10-19 08:26:00,2025-10-19 09:30:00,vdv30_zero,ETH,2025-10-19 08:00:00,2025-10-19 09:00:00,3861.22,3911.26,0.012959634519659698,0.0013,0.0116596345196597,1.0,0.008905914594948232
2025-10-19 07:43:00,0.9405512809753418,2025-10-19 08:26:00,2025-10-19 09:30:00,vdv30_zero,SOL,2025-10-19 08:00:00,2025-10-19 09:00:00,184.08,187.12,0.0165145588874402,0.0013,0.0152145588874402,1.0,0.008905914594948232
2025-10-19 09:25:00,0.893238365650177,2025-10-19 09:40:00,2025-10-19 10:40:00,vdv30_zero,ETH,2025-10-19 09:00:00,2025-10-19 10:00:00,3911.26,3929.58,0.004683912601054317,0.0013,0.0033839126010543168,1.0,0.004435075194133434
2025-10-19 09:25:00,0.893238365650177,2025-10-19 09:40:00,2025-10-19 10:40:00,vdv30_zero,SOL,2025-10-19 09:00:00,2025-10-19 10:00:00,187.12,189.01,0.010100470286447127,0.0013,0.008800470286447128,1.0,0.004435075194133434
2025-10-29 14:20:00,0.8782534003257751,2025-10-29 14:21:00,2025-10-29 15:21:00,vdv30_zero,ETH,2025-10-29 14:00:00,2025-10-29 15:00:00,3986.94,3950.23,-0.00920756269219001,0.0013,-0.010507562692190008,1.0,-0.008700725460672316
2025-10-29 14:20:00,0.8782534003257751,2025-10-29 14:21:00,2025-10-29 15:21:00,vdv30_zero,SOL,2025-10-29 14:00:00,2025-10-29 15:00:00,199.93,196.71,-0.016105636972940523,0.0013,-0.017405636972940522,1.0,-0.008700725460672316
2025-10-30 15:16:00,0.9641812443733215,2025-10-30 15:20:00,2025-10-30 16:20:00,vdv30_zero,ETH,2025-10-30 15:00:00,2025-10-30 16:00:00,3771.61,3779.37,0.002057476780472998,0.0013,0.0007574767804729978,1.0,0.003988089599203442
2025-10-30 15:16:00,0.9641812443733215,2025-10-30 15:20:00,2025-10-30 16:20:00,vdv30_zero,SOL,2025-10-30 15:00:00,2025-10-30 16:00:00,184.95,185.19,0.0012976480129765293,0.0013,-2.351987023470597e-06,1.0,0.003988089599203442
2025-11-01 11:22:00,0.8620401620864868,2025-11-01 15:15:00,2025-11-01 16:23:00,cpi_regime_flip,ETH,2025-11-01 15:00:00,2025-11-01 16:00:00,3893.01,3890.24,-0.0007115316939849722,0.0013,-0.0020115316939849723,1.0,0.001455740060152449
2025-11-01 11:22:00,0.8620401620864868,2025-11-01 15:15:00,2025-11-01 16:23:00,cpi_regime_flip,SOL,2025-11-01 15:00:00,2025-11-01 16:00:00,186.28,186.3,0.00010736525660301821,0.0013,-0.0011926347433969817,1.0,0.001455740060152449
2025-11-03 06:49:00,0.9246345162391663,2025-11-03 06:59:00,2025-11-03 08:04:00,vdv30_zero,ETH,2025-11-03 06:00:00,2025-11-03 08:00:00,3717.01,3714.91,-0.0005649702314495693,0.0013,-0.0018649702314495692,2.0,0.0008915542452128088
2025-11-03 06:49:00,0.9246345162391663,2025-11-03 06:59:00,2025-11-03 08:04:00,vdv30_zero,SOL,2025-11-03 06:00:00,2025-11-03 08:00:00,175.97,175.57,-0.002273114735466305,0.0013,-0.003573114735466305,2.0,0.0008915542452128088
2025-11-04 09:02:00,0.941167414188385,2025-11-04 09:03:00,2025-11-04 10:15:00,vdv30_zero,ETH,2025-11-04 09:00:00,2025-11-04 10:00:00,3490.83,3484.24,-0.0018878031872076686,0.0013,-0.0031878031872076685,1.0,-0.0003400040261100256
2025-11-04 09:02:00,0.941167414188385,2025-11-04 09:03:00,2025-11-04 10:15:00,vdv30_zero,SOL,2025-11-04 09:00:00,2025-11-04 10:00:00,160.31,160.44,0.0008109288254007575,0.0013,-0.0004890711745992424,1.0,-0.0003400040261100256
2025-11-04 11:29:00,0.9413137435913086,2025-11-04 11:44:00,2025-11-04 12:44:00,vdv30_zero,ETH,2025-11-04 11:00:00,2025-11-04 12:00:00,3527.78,3509.56,-0.005164721156081234,0.0013,-0.0064647211560812335,1.0,-0.005963798195171315
2025-11-04 11:29:00,0.9413137435913086,2025-11-04 11:44:00,2025-11-04 12:44:00,vdv30_zero,SOL,2025-11-04 11:00:00,2025-11-04 12:00:00,161.63,161.35,-0.001732351667388487,0.0013,-0.003032351667388487,1.0,-0.005963798195171315
2025-11-04 17:10:00,0.9700235724449158,2025-11-04 17:12:00,2025-11-04 18:22:00,vdv30_zero,ETH,2025-11-04 17:00:00,2025-11-04 18:00:00,3371.57,3301.38,-0.020818194490993824,0.0013,-0.022118194490993823,1.0,0.0023992132559253147
2025-11-04 17:10:00,0.9700235724449158,2025-11-04 17:12:00,2025-11-04 18:22:00,vdv30_zero,SOL,2025-11-04 17:00:00,2025-11-04 18:00:00,156.11,156.35,0.0015373774902311232,0.0013,0.00023737749023112326,1.0,0.0023992132559253147
2025-11-04 20:17:00,0.9453965425491333,2025-11-04 20:19:00,2025-11-04 21:44:00,vdv30_zero,ETH,2025-11-04 20:00:00,2025-11-04 21:00:00,3211.5,3213.77,0.0007068348123929571,0.0013,-0.0005931651876070428,1.0,-0.004329257939372515
2025-11-04 20:17:00,0.9453965425491333,2025-11-04 20:19:00,2025-11-04 21:44:00,vdv30_zero,SOL,2025-11-04 20:00:00,2025-11-04 21:00:00,153.35,151.12,-0.014541897619823866,0.0013,-0.015841897619823866,1.0,-0.004329257939372515
2025-11-04 21:32:00,0.9586067795753479,2025-11-04 21:36:00,2025-11-04 22:55:00,cpi_regime_flip,ETH,2025-11-04 21:00:00,2025-11-04 22:00:00,3213.77,3246.44,0.010165631019021296,0.0013,0.008865631019021297,1.0,0.009834044882975675
2025-11-04 21:32:00,0.9586067795753479,2025-11-04 21:36:00,2025-11-04 22:55:00,cpi_regime_flip,SOL,2025-11-04 21:00:00,2025-11-04 22:00:00,151.12,155.15,0.026667548967707788,0.0013,0.02536754896770779,1.0,0.009834044882975675
2025-11-05 04:27:00,0.927892804145813,2025-11-05 04:44:00,2025-11-05 05:52:00,vdv30_zero,ETH,2025-11-05 04:00:00,2025-11-05 05:00:00,3328.04,3324.07,-0.0011928943161740244,0.0013,-0.0024928943161740243,1.0,-0.0018037882495800354
2025-11-05 04:27:00,0.927892804145813,2025-11-05 04:44:00,2025-11-05 05:52:00,vdv30_zero,SOL,2025-11-05 04:00:00,2025-11-05 05:00:00,156.97,157.45,0.0030579091546154664,0.0013,0.0017579091546154665,1.0,-0.0018037882495800354
2025-11-06 20:41:00,0.8727218508720398,2025-11-06 20:44:00,2025-11-06 21:44:00,vdv30_zero,ETH,2025-11-06 20:00:00,2025-11-06 21:00:00,3305.6,3324.6,0.005747821878025169,0.0013,0.004447821878025169,1.0,0.001962848628682572
2025-11-06 20:41:00,0.8727218508720398,2025-11-06 20:44:00,2025-11-06 21:44:00,vdv30_zero,SOL,2025-11-06 20:00:00,2025-11-06 21:00:00,155.22,156.39,0.007537688442210975,0.0013,0.006237688442210975,1.0,0.001962848628682572
2025-11-07 00:20:00,0.9541863203048706,2025-11-07 00:21:00,2025-11-07 01:24:00,vdv30_zero,ETH,2025-11-07 00:00:00,2025-11-07 01:00:00,3323.84,3323.55,-8.724848368151403e-05,0.0013,-0.0013872484836815139,1.0,0.0006585530564058867
2025-11-07 00:20:00,0.9541863203048706,2025-11-07 00:21:00,2025-11-07 01:24:00,vdv30_zero,SOL,2025-11-07 00:00:00,2025-11-07 01:00:00,156.68,156.96,0.0017870819504723075,0.0013,0.0004870819504723075,1.0,0.0006585530564058867
2025-11-07 02:03:00,0.949954628944397,2025-11-07 02:07:00,2025-11-07 03:07:00,vdv30_zero,ETH,2025-11-07 02:00:00,2025-11-07 03:00:00,3345.68,3343.67,-0.0006007747303985329,0.0013,-0.001900774730398533,1.0,-2.9451090574169665e-06
2025-11-07 02:03:00,0.949954628944397,2025-11-07 02:07:00,2025-11-07 03:07:00,vdv30_zero,SOL,2025-11-07 02:00:00,2025-11-07 03:00:00,157.95,156.79,-0.0073440962329851004,0.0013,-0.0086440962329851,1.0,-2.9451090574169665e-06
2025-11-07 05:11:00,0.9393671154975891,2025-11-07 05:15:00,2025-11-07 06:15:00,vdv30_zero,ETH,2025-11-07 05:00:00,2025-11-07 06:00:00,3365.4,3346.31,-0.005672431211743075,0.0013,-0.006972431211743075,1.0,-0.006067382812500029
2025-11-07 05:11:00,0.9393671154975891,2025-11-07 05:15:00,2025-11-07 06:15:00,vdv30_zero,SOL,2025-11-07 05:00:00,2025-11-07 06:00:00,157.99,156.72,-0.008038483448319578,0.0013,-0.009338483448319577,1.0,-0.006067382812500029
2025-11-07 11:22:00,0.9491974711418152,2025-11-07 11:28:00,2025-11-07 12:42:00,vdv30_zero,ETH,2025-11-07 11:00:00,2025-11-07 12:00:00,3258.62,3221.66,-0.011342224622693053,0.0013,-0.012642224622693054,1.0,-0.007574044202847406
2025-11-07 11:22:00,0.9491974711418152,2025-11-07 11:28:00,2025-11-07 12:42:00,vdv30_zero,SOL,2025-11-07 11:00:00,2025-11-07 12:00:00,153.77,151.57,-0.014307082005592879,0.0013,-0.015607082005592878,1.0,-0.007574044202847406
2025-11-07 13:43:00,0.959106981754303,2025-11-07 13:45:00,2025-11-07 14:45:00,vdv30_zero,ETH,2025-11-07 13:00:00,2025-11-07 14:00:00,3239.53,3286.69,0.01455766731593776,0.0013,0.01325766731593776,1.0,0.004571509475537688
2025-11-07 13:43:00,0.959106981754303,2025-11-07 13:45:00,2025-11-07 14:45:00,vdv30_zero,SOL,2025-11-07 13:00:00,2025-11-07 14:00:00,152.24,154.62,0.015633210719915892,0.0013,0.014333210719915893,1.0,0.004571509475537688
2025-11-08 03:50:00,0.9367502331733704,2025-11-08 04:44:00,2025-11-08 05:44:00,vdv30_zero,ETH,2025-11-08 04:00:00,2025-11-08 05:00:00,3457.13,3429.86,-0.007888045864633375,0.0013,-0.009188045864633374,1.0,-0.0024145187205684804
2025-11-08 03:50:00,0.9367502331733704,2025-11-08 04:44:00,2025-11-08 05:44:00,vdv30_zero,SOL,2025-11-08 04:00:00,2025-11-08 05:00:00,162.61,161.29,-0.00811758194452999,0.0013,-0.00941758194452999,1.0,-0.0024145187205684804
2025-11-08 05:57:00,0.9510573744773865,2025-11-08 06:27:00,2025-11-08 07:27:00,vdv30_zero,ETH,2025-11-08 06:00:00,2025-11-08 07:00:00,3443.75,3446.41,0.000772413793103406,0.0013,-0.000527586206896594,1.0,0.0012831329192594361
2025-11-08 05:57:00,0.9510573744773865,2025-11-08 06:27:00,2025-11-08 07:27:00,vdv30_zero,SOL,2025-11-08 06:00:00,2025-11-08 07:00:00,161.01,160.96,-0.0003105397180298301,0.0013,-0.00161053971802983,1.0,0.0012831329192594361
2025-11-08 11:56:00,0.9482920169830322,2025-11-08 11:57:00,2025-11-08 13:11:00,cpi_regime_flip,ETH,2025-11-08 11:00:00,2025-11-08 13:00:00,3411.53,3395.2,-0.004786708602885034,0.0013,-0.006086708602885034,2.0,-0.00045871739865009035
2025-11-08 11:56:00,0.9482920169830322,2025-11-08 11:57:00,2025-11-08 13:11:00,cpi_regime_flip,SOL,2025-11-08 11:00:00,2025-11-08 13:00:00,159.29,158.14,-0.007219536694080016,0.0013,-0.008519536694080017,2.0,-0.00045871739865009035
2025-11-08 14:28:00,0.9646954536437988,2025-11-08 14:33:00,2025-11-08 15:38:00,vdv30_zero,ETH,2025-11-08 14:00:00,2025-11-08 15:00:00,3398.56,3375.68,-0.006732263076126391,0.0013,-0.008032263076126391,1.0,-0.001063012471238705
2025-11-08 14:28:00,0.9646954536437988,2025-11-08 14:33:00,2025-11-08 15:38:00,vdv30_zero,SOL,2025-11-08 14:00:00,2025-11-08 15:00:00,157.62,156.61,-0.006407816266971139,0.0013,-0.007707816266971139,1.0,-0.001063012471238705
2025-11-09 01:15:00,0.8862809538841248,2025-11-09 01:22:00,2025-11-09 02:22:00,cpi_regime_flip,ETH,2025-11-09 01:00:00,2025-11-09 02:00:00,3399.21,3366.56,-0.009605172966659928,0.0013,-0.010905172966659927,1.0,-0.003977630363722257
2025-11-09 01:15:00,0.8862809538841248,2025-11-09 01:22:00,2025-11-09 02:22:00,cpi_regime_flip,SOL,2025-11-09 01:00:00,2025-11-09 02:00:00,158.09,155.95,-0.013536593079891295,0.0013,-0.014836593079891294,1.0,-0.003977630363722257
2025-11-09 02:54:00,0.9335237741470337,2025-11-09 03:08:00,2025-11-09 04:09:00,vdv30_zero,ETH,2025-11-09 03:00:00,2025-11-09 04:00:00,3374.82,3373.08,-0.0005155830533184692,0.0013,-0.0018155830533184692,1.0,0.0005008713587194298
2025-11-09 02:54:00,0.9335237741470337,2025-11-09 03:08:00,2025-11-09 04:09:00,vdv30_zero,SOL,2025-11-09 03:00:00,2025-11-09 04:00:00,155.82,157.13,0.008407136439481468,0.0013,0.007107136439481468,1.0,0.0005008713587194298
2025-11-13 01:39:00,0.8916404843330383,2025-11-13 01:52:00,2025-11-13 02:57:00,cpi_regime_flip,ETH,2025-11-13 01:00:00,2025-11-13 02:00:00,3422.76,3432.89,0.002959599855087606,0.0013,0.001659599855087606,1.0,0.0005384459214927621
2025-11-13 01:39:00,0.8916404843330383,2025-11-13 01:52:00,2025-11-13 02:57:00,cpi_regime_flip,SOL,2025-11-13 01:00:00,2025-11-13 02:00:00,152.67,152.82,0.0009825112988799745,0.0013,-0.0003174887011200254,1.0,0.0005384459214927621
2025-11-13 17:21:00,0.9402141571044922,2025-11-13 17:23:00,2025-11-13 18:29:00,vdv30_zero,ETH,2025-11-13 17:00:00,2025-11-13 18:00:00,3254.4,3212.47,-0.012884095378564494,0.0013,-0.014184095378564493,1.0,-0.010659488722046048
2025-11-13 17:21:00,0.9402141571044922,2025-11-13 17:23:00,2025-11-13 18:29:00,vdv30_zero,SOL,2025-11-13 17:00:00,2025-11-13 18:00:00,147.04,145.34,-0.01156147986942321,0.0013,-0.012861479869423209,1.0,-0.010659488722046048
2025-11-14 04:34:00,0.9642050266265869,2025-11-14 04:35:00,2025-11-14 05:41:00,vdv30_zero,ETH,2025-11-14 04:00:00,2025-11-14 05:00:00,3161.51,3191.01,0.009330984244870331,0.0013,0.00803098424487033,1.0,-0.0030453104979359063
2025-11-14 04:34:00,0.9642050266265869,2025-11-14 04:35:00,2025-11-14 05:41:00,vdv30_zero,SOL,2025-11-14 04:00:00,2025-11-14 05:00:00,141.81,143.09,0.009026161765742903,0.0013,0.007726161765742903,1.0,-0.0030453104979359063
2025-11-14 07:51:00,0.8909537196159363,2025-11-14 07:57:00,2025-11-14 08:57:00,vdv30_zero,ETH,2025-11-14 07:00:00,2025-11-14 08:00:00,3213.82,3203.72,-0.0031426775612823253,0.0013,-0.004442677561282325,1.0,0.0024026801263441356
2025-11-14 07:51:00,0.8909537196159363,2025-11-14 07:57:00,2025-11-14 08:57:00,vdv30_zero,SOL,2025-11-14 07:00:00,2025-11-14 08:00:00,142.77,142.41,-0.0025215381382644366,0.0013,-0.0038215381382644366,1.0,0.0024026801263441356
2025-11-14 12:41:00,0.9488285779953003,2025-11-14 12:44:00,2025-11-14 13:44:00,vdv30_zero,ETH,2025-11-14 12:00:00,2025-11-14 13:00:00,3125.71,3120.64,-0.0016220314744490576,0.0013,-0.0029220314744490576,1.0,-0.001237844472185215
2025-11-14 12:41:00,0.9488285779953003,2025-11-14 12:44:00,2025-11-14 13:44:00,vdv30_zero,SOL,2025-11-14 12:00:00,2025-11-14 13:00:00,138.67,138.92,0.001802841277853898,0.0013,0.0005028412778538981,1.0,-0.001237844472185215
2025-11-14 20:40:00,0.906552791595459,2025-11-14 20:44:00,2025-11-14 21:56:00,vdv30_zero,ETH,2025-11-14 20:00:00,2025-11-14 21:00:00,3136.22,3165.97,0.009485941675010044,0.0013,0.008185941675010043,1.0,0.0072792532272733705
2025-11-14 20:40:00,0.906552791595459,2025-11-14 20:44:00,2025-11-14 21:56:00,vdv30_zero,SOL,2025-11-14 20:00:00,2025-11-14 21:00:00,139.55,140.59,0.007452525976352504,0.0013,0.006152525976352504,1.0,0.0072792532272733705
2025-11-14 23:05:00,0.9059425592422485,2025-11-14 23:07:00,2025-11-15 00:07:00,vdv30_zero,ETH,2025-11-14 23:00:00,2025-11-15 00:00:00,3111.2,3139.8,0.009192594497300194,0.0013,0.007892594497300193,1.0,0.00608282413964165
2025-11-14 23:05:00,0.9059425592422485,2025-11-14 23:07:00,2025-11-15 00:07:00,vdv30_zero,SOL,2025-11-14 23:00:00,2025-11-15 00:00:00,138.83,141.03,0.015846719008859672,0.0013,0.014546719008859673,1.0,0.00608282413964165
2025-11-15 01:24:00,0.8908219337463379,2025-11-15 01:27:00,2025-11-15 02:28:00,vdv30_zero,ETH,2025-11-15 01:00:00,2025-11-15 02:00:00,3172.11,3192.24,0.006345933779093302,0.0013,0.005045933779093302,1.0,0.008737985923005323
2025-11-15 01:24:00,0.8908219337463379,2025-11-15 01:27:00,2025-11-15 02:28:00,vdv30_zero,SOL,2025-11-15 01:00:00,2025-11-15 02:00:00,141.96,143.0,0.00732600732600727,0.0013,0.00602600732600727,1.0,0.008737985923005323
2025-11-16 12:33:00,0.9410481452941895,2025-11-16 12:37:00,2025-11-16 13:51:00,vdv30_zero,ETH,2025-11-16 12:00:00,2025-11-16 13:00:00,3168.55,3152.6,-0.005033848290227477,0.0013,-0.006333848290227477,1.0,-0.0035721114114279796
2025-11-16 12:33:00,0.9410481452941895,2025-11-16 12:37:00,2025-11-16 13:51:00,vdv30_zero,SOL,2025-11-16 12:00:00,2025-11-16 13:00:00,139.98,139.38,-0.004286326618088258,0.0013,-0.005586326618088258,1.0,-0.0035721114114279796
2025-11-16 16:22:00,0.9649744033813477,2025-11-16 16:25:00,2025-11-16 17:27:00,vdv30_zero,ETH,2025-11-16 16:00:00,2025-11-16 17:00:00,3059.6,3078.2,0.006079226042619921,0.0013,0.004779226042619921,1.0,0.0015140350839939719
2025-11-16 16:22:00,0.9649744033813477,2025-11-16 16:25:00,2025-11-16 17:27:00,vdv30_zero,SOL,2025-11-16 16:00:00,2025-11-16 17:00:00,135.64,135.74,0.0007372456502508312,0.0013,-0.0005627543497491687,1.0,0.0015140350839939719
2025-11-17 04:33:00,0.8931324481964111,2025-11-17 04:36:00,2025-11-17 05:36:00,vdv30_zero,ETH,2025-11-17 04:00:00,2025-11-17 05:00:00,3184.35,3185.61,0.00039568514767541834,0.0013,-0.0009043148523245816,1.0,0.00021879122058155243
2025-11-17 04:33:00,0.8931324481964111,2025-11-17 04:36:00,2025-11-17 05:36:00,vdv30_zero,SOL,2025-11-17 04:00:00,2025-11-17 05:00:00,140.31,140.55,0.0017104981825957458,0.0013,0.00041049818259574584,1.0,0.00021879122058155243
2025-11-17 12:04:00,0.9320422410964966,2025-11-17 12:14:00,2025-11-17 13:17:00,vdv30_zero,ETH,2025-11-17 12:00:00,2025-11-17 13:00:00,3182.68,3120.49,-0.019540135986024373,0.0013,-0.020840135986024372,1.0,-0.01437711080838839
2025-11-17 12:04:00,0.9320422410964966,2025-11-17 12:14:00,2025-11-17 13:17:00,vdv30_zero,SOL,2025-11-17 12:00:00,2025-11-17 13:00:00,141.73,137.96,-0.02659987299795373,0.0013,-0.02789987299795373,1.0,-0.01437711080838839
2025-11-17 13:26:00,0.9442781209945679,2025-11-17 13:36:00,2025-11-17 14:36:00,vdv30_zero,ETH,2025-11-17 13:00:00,2025-11-17 14:00:00,3120.49,3150.44,0.009597851619457289,0.0013,0.00829785161945729,1.0,0.008696300318910456
2025-11-17 13:26:00,0.9442781209945679,2025-11-17 13:36:00,2025-11-17 14:36:00,vdv30_zero,SOL,2025-11-17 13:00:00,2025-11-17 14:00:00,137.96,140.08,0.01536677297767472,0.0013,0.01406677297767472,1.0,0.008696300318910456
2025-11-19 17:15:00,0.9131937623023987,2025-11-19 17:29:00,2025-11-19 18:48:00,vdv30_zero,ETH,2025-11-19 17:00:00,2025-11-19 18:00:00,2921.19,2898.46,-0.007781075520592641,0.0013,-0.009081075520592641,1.0,-0.0027442463047689524
2025-11-19 17:15:00,0.9131937623023987,2025-11-19 17:29:00,2025-11-19 18:48:00,vdv30_zero,SOL,2025-11-19 17:00:00,2025-11-19 18:00:00,132.12,131.38,-0.00560096881622774,0.0013,-0.00690096881622774,1.0,-0.0027442463047689524
2025-11-20 16:05:00,0.9146291017532349,2025-11-20 16:08:00,2025-11-20 17:08:00,vdv30_zero,ETH,2025-11-20 16:00:00,2025-11-20 17:00:00,2861.21,2832.16,-0.010153047137399975,0.0013,-0.011453047137399974,1.0,-0.007619329467136311
2025-11-20 16:05:00,0.9146291017532349,2025-11-20 16:08:00,2025-11-20 17:08:00,vdv30_zero,SOL,2025-11-20 16:00:00,2025-11-20 17:00:00,132.54,132.69,0.0011317338162064711,0.0013,-0.00016826618379352882,1.0,-0.007619329467136311
2025-12-05 23:01:00,0.9632822275161743,2025-12-05 23:05:00,2025-12-06 00:06:00,cpi_regime_flip,ETH,2025-12-05 23:00:00,2025-12-06 00:00:00,3020.38,3024.7,0.0014302836066983984,0.0013,0.00013028360669839847,1.0,0.0010494072584935025
2025-12-05 23:01:00,0.9632822275161743,2025-12-05 23:05:00,2025-12-06 00:06:00,cpi_regime_flip,SOL,2025-12-05 23:00:00,2025-12-06 00:00:00,133.22,133.38,0.0012010208677375514,0.0013,-9.897913226244851e-05,1.0,0.0010494072584935025
2025-12-14 14:35:00,0.890385091304779,2025-12-14 14:54:00,2025-12-14 15:55:00,vdv30_zero,ETH,2025-12-14 14:00:00,2025-12-14 15:00:00,3084.43,3083.33,-0.00035662991217174945,0.0013,-0.0016566299121717493,1.0,-0.0009980454475544374
2025-12-14 14:35:00,0.890385091304779,2025-12-14 14:54:00,2025-12-14 15:55:00,vdv30_zero,SOL,2025-12-14 14:00:00,2025-12-14 15:00:00,130.82,130.6,-0.001681700045864538,0.0013,-0.002981700045864538,1.0,-0.0009980454475544374
2025-12-16 04:48:00,0.973321795463562,2025-12-16 04:50:00,2025-12-16 06:02:00,vdv30_zero,ETH,2025-12-16 04:00:00,2025-12-16 06:00:00,2916.79,2944.47,0.009489884427744143,0.0013,0.008189884427744144,2.0,0.007670172109757772
2025-12-16 04:48:00,0.973321795463562,2025-12-16 04:50:00,2025-12-16 06:02:00,vdv30_zero,SOL,2025-12-16 04:00:00,2025-12-16 06:00:00,126.06,127.26,0.009519276534983363,0.0013,0.008219276534983364,2.0,0.007670172109757772
2025-12-16 07:16:00,0.913804829120636,2025-12-16 07:19:00,2025-12-16 08:19:00,vdv30_zero,ETH,2025-12-16 07:00:00,2025-12-16 08:00:00,2922.62,2929.54,0.002367738535971174,0.0013,0.001067738535971174,1.0,0.0031605959648600018
2025-12-16 07:16:00,0.913804829120636,2025-12-16 07:19:00,2025-12-16 08:19:00,vdv30_zero,SOL,2025-12-16 07:00:00,2025-12-16 08:00:00,125.49,125.9,0.0032671926049885314,0.0013,0.0019671926049885315,1.0,0.0031605959648600018
2025-12-18 23:48:00,0.9419517517089844,2025-12-19 00:08:00,2025-12-19 01:08:00,vdv30_zero,ETH,2025-12-19 00:00:00,2025-12-19 01:00:00,2829.62,2819.82,-0.0034633625716526343,0.0013,-0.004763362571652634,1.0,-0.003286087067284118
2025-12-18 23:48:00,0.9419517517089844,2025-12-19 00:08:00,2025-12-19 01:08:00,vdv30_zero,SOL,2025-12-19 00:00:00,2025-12-19 01:00:00,118.36,118.31,-0.0004224400135180564,0.0013,-0.0017224400135180565,1.0,-0.003286087067284118
2025-12-24 02:02:00,0.9487597346305847,2025-12-24 02:06:00,2025-12-24 03:08:00,vdv30_zero,ETH,2025-12-24 02:00:00,2025-12-24 03:00:00,2933.96,2944.47,0.0035821892595671936,0.0013,0.0022821892595671937,1.0,0.002425944401900668
2025-12-24 02:02:00,0.9487597346305847,2025-12-24 02:06:00,2025-12-24 03:08:00,vdv30_zero,SOL,2025-12-24 02:00:00,2025-12-24 03:00:00,122.24,122.66,0.0034358638743455638,0.0013,0.002135863874345564,1.0,0.002425944401900668
2025-12-24 06:01:00,0.8920555114746094,2025-12-24 08:27:00,2025-12-24 09:27:00,vdv30_zero,ETH,2025-12-24 08:00:00,2025-12-24 09:00:00,2921.89,2918.01,-0.0013279076214366915,0.0013,-0.0026279076214366917,1.0,0.00013947885627344566
2025-12-24 06:01:00,0.8920555114746094,2025-12-24 08:27:00,2025-12-24 09:27:00,vdv30_zero,SOL,2025-12-24 08:00:00,2025-12-24 09:00:00,121.32,121.34,0.0001648532805803679,0.0013,-0.001135146719419632,1.0,0.00013947885627344566
2025-12-24 08:37:00,0.9632459282875061,2025-12-24 08:52:00,2025-12-24 09:52:00,vdv30_zero,ETH,2025-12-24 08:00:00,2025-12-24 09:00:00,2921.89,2918.01,-0.0013279076214366915,0.0013,-0.0026279076214366917,1.0,0.00013947885627344566
2025-12-24 08:37:00,0.9632459282875061,2025-12-24 08:52:00,2025-12-24 09:52:00,vdv30_zero,SOL,2025-12-24 08:00:00,2025-12-24 09:00:00,121.32,121.34,0.0001648532805803679,0.0013,-0.001135146719419632,1.0,0.00013947885627344566
2025-12-24 14:34:00,0.9439546465873718,2025-12-24 14:39:00,2025-12-24 15:39:00,vdv30_zero,ETH,2025-12-24 14:00:00,2025-12-24 15:00:00,2913.54,2924.2,0.0036587793543249292,0.0013,0.0023587793543249293,1.0,0.0007130534790109258
2025-12-24 14:34:00,0.9439546465873718,2025-12-24 14:39:00,2025-12-24 15:39:00,vdv30_zero,SOL,2025-12-24 14:00:00,2025-12-24 15:00:00,121.44,122.67,0.010128458498023749,0.0013,0.008828458498023748,1.0,0.0007130534790109258
2026-01-07 01:32:00,0.8885936141014099,2026-01-07 01:46:00,2026-01-07 02:46:00,vdv30_zero,ETH,2026-01-07 01:00:00,2026-01-07 02:00:00,3243.88,3268.83,0.007691406587173329,0.0013,0.006391406587173329,1.0,0.005600303877358215
2026-01-07 01:32:00,0.8885936141014099,2026-01-07 01:46:00,2026-01-07 02:46:00,vdv30_zero,SOL,2026-01-07 01:00:00,2026-01-07 02:00:00,138.84,139.89,0.007562662057043957,0.0013,0.006262662057043957,1.0,0.005600303877358215
2026-01-07 05:45:00,0.9025846123695374,2026-01-07 05:49:00,2026-01-07 07:06:00,vdv30_zero,ETH,2026-01-07 05:00:00,2026-01-07 07:00:00,3247.32,3253.99,0.002054001453506158,0.0013,0.0007540014535061582,2.0,0.003719839142091216
2026-01-07 05:45:00,0.9025846123695374,2026-01-07 05:49:00,2026-01-07 07:06:00,vdv30_zero,SOL,2026-01-07 05:00:00,2026-01-07 07:00:00,138.43,139.31,0.006357003539695119,0.0013,0.005057003539695119,2.0,0.003719839142091216
2026-01-07 11:45:00,0.8529725670814514,2026-01-07 12:10:00,2026-01-07 13:10:00,vdv30_zero,ETH,2026-01-07 12:00:00,2026-01-07 13:00:00,3211.85,3210.69,-0.0003611625698584475,0.0013,-0.0016611625698584474,1.0,0.0004458780208235911
2026-01-07 11:45:00,0.8529725670814514,2026-01-07 12:10:00,2026-01-07 13:10:00,vdv30_zero,SOL,2026-01-07 12:00:00,2026-01-07 13:00:00,137.85,138.04,0.0013783097569822107,0.0013,7.830975698221079e-05,1.0,0.0004458780208235911
2026-01-07 18:35:00,0.8670670986175537,2026-01-07 18:39:00,2026-01-07 19:39:00,vdv30_zero,ETH,2026-01-07 18:00:00,2026-01-07 19:00:00,3145.25,3144.37,-0.0002797869803672551,0.0013,-0.001579786980367255,1.0,0.00314999108493102
2026-01-07 18:35:00,0.8670670986175537,2026-01-07 18:39:00,2026-01-07 19:39:00,vdv30_zero,SOL,2026-01-07 18:00:00,2026-01-07 19:00:00,135.19,135.68,0.0036245284414528375,0.0013,0.0023245284414528376,1.0,0.00314999108493102
2026-01-13 02:10:00,0.8607529401779175,2026-01-13 02:12:00,2026-01-13 03:12:00,vdv30_zero,ETH,2026-01-13 02:00:00,2026-01-13 03:00:00,3100.13,3114.98,0.00479012170457365,0.0013,0.00349012170457365,1.0,0.0031550000823329237
2026-01-13 02:10:00,0.8607529401779175,2026-01-13 02:12:00,2026-01-13 03:12:00,vdv30_zero,SOL,2026-01-13 02:00:00,2026-01-13 03:00:00,138.3,138.66,0.0026030368763556412,0.0013,0.0013030368763556413,1.0,0.0031550000823329237
2026-01-13 13:58:00,0.8999455571174622,2026-01-13 14:01:00,2026-01-13 15:14:00,vdv30_zero,ETH,2026-01-13 14:00:00,2026-01-13 15:00:00,3143.23,3183.11,0.012687585700060164,0.0013,0.011387585700060165,1.0,0.010751582817810568
2026-01-13 13:58:00,0.8999455571174622,2026-01-13 14:01:00,2026-01-13 15:14:00,vdv30_zero,SOL,2026-01-13 14:00:00,2026-01-13 15:00:00,141.96,143.41,0.010214144829529365,0.0013,0.008914144829529364,1.0,0.010751582817810568
2026-01-20 14:17:00,0.947386622428894,2026-01-20 14:20:00,2026-01-20 15:20:00,vdv30_zero,ETH,2026-01-20 14:00:00,2026-01-20 15:00:00,3046.17,3031.06,-0.004960327230587961,0.0013,-0.006260327230587961,1.0,0.0016298936867311185
2026-01-20 14:17:00,0.947386622428894,2026-01-20 14:20:00,2026-01-20 15:20:00,vdv30_zero,SOL,2026-01-20 14:00:00,2026-01-20 15:00:00,128.79,127.78,-0.007842223775137751,0.0013,-0.00914222377513775,1.0,0.0016298936867311185
2026-01-25 15:22:00,0.9493359923362732,2026-01-25 15:38:00,2026-01-25 16:38:00,vdv30_zero,ETH,2026-01-25 15:00:00,2026-01-25 16:00:00,2925.54,2895.46,-0.01028186249376181,0.0013,-0.011581862493761811,1.0,-0.004028007148836118
2026-01-25 15:22:00,0.9493359923362732,2026-01-25 15:38:00,2026-01-25 16:38:00,vdv30_zero,SOL,2026-01-25 15:00:00,2026-01-25 16:00:00,125.51,122.69,-0.02246832921679553,0.0013,-0.02376832921679553,1.0,-0.004028007148836118
2026-01-25 18:12:00,0.9131497144699097,2026-01-25 18:13:00,2026-01-25 19:13:00,vdv30_zero,ETH,2026-01-25 18:00:00,2026-01-25 19:00:00,2846.01,2810.9,-0.012336569442834046,0.0013,-0.013636569442834045,1.0,-0.01042347439226934
2026-01-25 18:12:00,0.9131497144699097,2026-01-25 18:13:00,2026-01-25 19:13:00,vdv30_zero,SOL,2026-01-25 18:00:00,2026-01-25 19:00:00,121.58,117.86,-0.030597137687119583,0.0013,-0.03189713768711958,1.0,-0.01042347439226934
2026-01-29 02:03:00,0.8910070657730103,2026-01-29 02:18:00,2026-01-29 03:18:00,vdv30_zero,ETH,2026-01-29 02:00:00,2026-01-29 03:00:00,2958.01,2951.4,-0.002234610430661197,0.0013,-0.003534610430661197,1.0,0.001653806885891911
2026-01-29 02:03:00,0.8910070657730103,2026-01-29 02:18:00,2026-01-29 03:18:00,vdv30_zero,SOL,2026-01-29 02:00:00,2026-01-29 03:00:00,123.45,122.99,-0.0037262049412718342,0.0013,-0.005026204941271834,1.0,0.001653806885891911
2026-01-29 05:23:00,0.8674588799476624,2026-01-29 05:43:00,2026-01-29 06:43:00,vdv30_zero,ETH,2026-01-29 05:00:00,2026-01-29 06:00:00,2950.08,2954.83,0.0016101258270962144,0.0013,0.0003101258270962145,1.0,0.0014951905460395365
2026-01-29 05:23:00,0.8674588799476624,2026-01-29 05:43:00,2026-01-29 06:43:00,vdv30_zero,SOL,2026-01-29 05:00:00,2026-01-29 06:00:00,123.16,123.61,0.0036537836960052195,0.0013,0.0023537836960052195,1.0,0.0014951905460395365
2026-01-29 14:28:00,0.9653885960578918,2026-01-29 14:46:00,2026-01-29 15:46:00,vdv30_zero,ETH,2026-01-29 14:00:00,2026-01-29 15:00:00,2874.79,2822.65,-0.018136976961795427,0.0013,-0.019436976961795426,1.0,-0.023921948706982252
2026-01-29 14:28:00,0.9653885960578918,2026-01-29 14:46:00,2026-01-29 15:46:00,vdv30_zero,SOL,2026-01-29 14:00:00,2026-01-29 15:00:00,120.3,117.6,-0.02244389027431424,0.0013,-0.023743890274314238,1.0,-0.023921948706982252
2026-01-31 17:09:00,0.8935949206352234,2026-01-31 17:10:00,2026-01-31 18:10:00,vdv30_zero,ETH,2026-01-31 17:00:00,2026-01-31 18:00:00,2401.44,2378.75,-0.009448497568125814,0.0013,-0.010748497568125813,1.0,-0.010909607378409843
2026-01-31 17:09:00,0.8935949206352234,2026-01-31 17:10:00,2026-01-31 18:10:00,vdv30_zero,SOL,2026-01-31 17:00:00,2026-01-31 18:00:00,103.26,101.85,-0.013654851830331306,0.0013,-0.014954851830331305,1.0,-0.010909607378409843
2026-02-05 07:49:00,0.8773205280303955,2026-02-05 07:53:00,2026-02-05 09:06:00,vdv30_zero,ETH,2026-02-05 07:00:00,2026-02-05 09:00:00,2090.57,2132.71,0.020157182012561104,0.0013,0.018857182012561105,2.0,0.01153344146523905
2026-02-05 07:49:00,0.8773205280303955,2026-02-05 07:53:00,2026-02-05 09:06:00,vdv30_zero,SOL,2026-02-05 07:00:00,2026-02-05 09:00:00,90.5,92.47,0.02176795580110496,0.0013,0.02046795580110496,2.0,0.01153344146523905
2026-02-05 18:17:00,0.9389855861663818,2026-02-05 18:23:00,2026-02-05 19:55:00,vdv30_zero,ETH,2026-02-05 18:00:00,2026-02-05 19:00:00,1948.76,1927.24,-0.011042919600155987,0.0013,-0.012342919600155988,1.0,-0.016206695309000985
2026-02-05 18:17:00,0.9389855861663818,2026-02-05 18:23:00,2026-02-05 19:55:00,vdv30_zero,SOL,2026-02-05 18:00:00,2026-02-05 19:00:00,82.89,81.63,-0.015200868621064123,0.0013,-0.016500868621064122,1.0,-0.016206695309000985
2026-02-06 00:11:00,0.9383053779602051,2026-02-06 00:13:00,2026-02-06 01:17:00,cpi_regime_flip,ETH,2026-02-06 00:00:00,2026-02-06 01:00:00,1869.28,1930.79,0.03290571770949242,0.0013,0.031605717709492415,1.0,0.03475553258409967
2026-02-06 00:11:00,0.9383053779602051,2026-02-06 00:13:00,2026-02-06 01:17:00,cpi_regime_flip,SOL,2026-02-06 00:00:00,2026-02-06 01:00:00,75.42,79.48,0.053831874834261495,0.0013,0.05253187483426149,1.0,0.03475553258409967
2026-02-11 06:01:00,0.9423617720603943,2026-02-11 06:14:00,2026-02-11 07:14:00,vdv30_zero,ETH,2026-02-11 06:00:00,2026-02-11 07:00:00,1947.78,1949.56,0.0009138609083161203,0.0013,-0.00038613909168387964,1.0,0.0031742229142959814
2026-02-11 06:01:00,0.9423617720603943,2026-02-11 06:14:00,2026-02-11 07:14:00,vdv30_zero,SOL,2026-02-11 06:00:00,2026-02-11 07:00:00,80.82,80.96,0.0017322444939371514,0.0013,0.0004322444939371514,1.0,0.0031742229142959814
2026-02-11 17:40:00,0.9110692739486694,2026-02-11 17:44:00,2026-02-11 18:44:00,vdv30_zero,ETH,2026-02-11 17:00:00,2026-02-11 18:00:00,1928.92,1943.3,0.007454948883312881,0.0013,0.006154948883312881,1.0,0.011281548404174387
2026-02-11 17:40:00,0.9110692739486694,2026-02-11 17:44:00,2026-02-11 18:44:00,vdv30_zero,SOL,2026-02-11 17:00:00,2026-02-11 18:00:00,78.96,79.76,0.010131712259371978,0.0013,0.008831712259371977,1.0,0.011281548404174387
2026-02-22 04:10:00,0.8893642425537109,2026-02-22 06:32:00,2026-02-22 07:32:00,vdv30_zero,ETH,2026-02-22 06:00:00,2026-02-22 07:00:00,1975.17,1975.01,-8.100568558659855e-05,0.0013,-0.0013810056855865986,1.0,-0.0004911302465649436
2026-02-22 04:10:00,0.8893642425537109,2026-02-22 06:32:00,2026-02-22 07:32:00,vdv30_zero,SOL,2026-02-22 06:00:00,2026-02-22 07:00:00,85.24,85.19,-0.0005865790708587185,0.0013,-0.0018865790708587184,1.0,-0.0004911302465649436
2026-03-05 20:01:00,0.8467154502868652,2026-03-05 20:08:00,2026-03-05 21:09:00,vdv30_zero,ETH,2026-03-05 20:00:00,2026-03-05 21:00:00,2091.42,2079.73,-0.005589503782119352,0.0013,-0.006889503782119352,1.0,-0.001495656277121936
2026-03-05 20:01:00,0.8467154502868652,2026-03-05 20:08:00,2026-03-05 21:09:00,vdv30_zero,SOL,2026-03-05 20:00:00,2026-03-05 21:00:00,89.17,89.07,-0.0011214534036111756,0.0013,-0.0024214534036111754,1.0,-0.001495656277121936
2026-03-06 21:24:00,0.8483961224555969,2026-03-06 21:27:00,2026-03-06 22:40:00,vdv30_zero,ETH,2026-03-06 21:00:00,2026-03-06 22:00:00,1982.8,1986.36,0.00179544079080086,0.0013,0.0004954407908008601,1.0,0.0004819926660932689
2026-03-06 21:24:00,0.8483961224555969,2026-03-06 21:27:00,2026-03-06 22:40:00,vdv30_zero,SOL,2026-03-06 21:00:00,2026-03-06 22:00:00,84.68,84.92,0.0028341993386867604,0.0013,0.0015341993386867605,1.0,0.0004819926660932689
2026-03-07 03:27:00,0.9013507962226868,2026-03-07 04:06:00,2026-03-07 05:29:00,vdv30_zero,ETH,2026-03-07 04:00:00,2026-03-07 05:00:00,1974.39,1977.75,0.0017017914393812265,0.0013,0.0004017914393812266,1.0,-0.000557123537366881
2026-03-07 03:27:00,0.9013507962226868,2026-03-07 04:06:00,2026-03-07 05:29:00,vdv30_zero,SOL,2026-03-07 04:00:00,2026-03-07 05:00:00,84.22,84.28,0.0007124198527665908,0.0013,-0.0005875801472334091,1.0,-0.000557123537366881
2026-03-18 12:33:00,0.8931242227554321,2026-03-18 12:35:00,2026-03-18 13:35:00,vdv30_zero,ETH,2026-03-18 12:00:00,2026-03-18 13:00:00,2236.48,2234.66,-0.0008137787952497513,0.0013,-0.0021137787952497512,1.0,-0.003051499410301702
2026-03-18 12:33:00,0.8931242227554321,2026-03-18 12:35:00,2026-03-18 13:35:00,vdv30_zero,SOL,2026-03-18 12:00:00,2026-03-18 13:00:00,90.36,90.25,-0.0012173528109783026,0.0013,-0.0025173528109783024,1.0,-0.003051499410301702
2026-03-19 15:42:00,0.9027391076087952,2026-03-19 15:46:00,2026-03-19 16:46:00,vdv30_zero,ETH,2026-03-19 15:00:00,2026-03-19 16:00:00,2117.62,2113.95,-0.0017330777004373177,0.0013,-0.003033077700437318,1.0,0.0007726382280062017
2026-03-19 15:42:00,0.9027391076087952,2026-03-19 15:46:00,2026-03-19 16:46:00,vdv30_zero,SOL,2026-03-19 15:00:00,2026-03-19 16:00:00,87.58,87.63,0.0005709065996802599,0.0013,-0.00072909340031974,1.0,0.0007726382280062017
2026-03-22 14:01:00,0.853641927242279,2026-03-22 14:06:00,2026-03-22 15:06:00,vdv30_zero,ETH,2026-03-22 14:00:00,2026-03-22 15:00:00,2076.98,2081.96,0.0023977120627064383,0.0013,0.0010977120627064384,1.0,0.002029835967703099
2026-03-22 14:01:00,0.853641927242279,2026-03-22 14:06:00,2026-03-22 15:06:00,vdv30_zero,SOL,2026-03-22 14:00:00,2026-03-22 15:00:00,87.16,87.53,0.004245066544286422,0.0013,0.002945066544286422,1.0,0.002029835967703099
2026-03-22 20:47:00,0.8932465314865112,2026-03-22 20:50:00,2026-03-22 21:50:00,vdv30_zero,ETH,2026-03-22 20:00:00,2026-03-22 21:00:00,2057.56,2044.83,-0.006186939870526264,0.0013,-0.007486939870526264,1.0,-0.003970065267579464
2026-03-22 20:47:00,0.8932465314865112,2026-03-22 20:50:00,2026-03-22 21:50:00,vdv30_zero,SOL,2026-03-22 20:00:00,2026-03-22 21:00:00,86.55,85.94,-0.0070479491623339045,0.0013,-0.008347949162333904,1.0,-0.003970065267579464
2026-03-26 20:02:00,0.8860886096954346,2026-03-26 20:04:00,2026-03-26 21:06:00,cpi_regime_flip,ETH,2026-03-26 20:00:00,2026-03-26 21:00:00,2063.83,2067.08,0.0015747421056966902,0.0013,0.00027474210569669024,1.0,-0.0012758467708028265
2026-03-26 20:02:00,0.8860886096954346,2026-03-26 20:04:00,2026-03-26 21:06:00,cpi_regime_flip,SOL,2026-03-26 20:00:00,2026-03-26 21:00:00,86.28,86.76,0.005563282336578627,0.0013,0.004263282336578627,1.0,-0.0012758467708028265
2026-04-04 16:52:00,0.8771593570709229,2026-04-04 17:04:00,2026-04-04 18:05:00,vdv30_zero,ETH,2026-04-04 17:00:00,2026-04-04 18:00:00,2055.85,2054.18,-0.0008123160736435406,0.0013,-0.0021123160736435404,1.0,-0.000543814995921474
2026-04-04 16:52:00,0.8771593570709229,2026-04-04 17:04:00,2026-04-04 18:05:00,vdv30_zero,SOL,2026-04-04 17:00:00,2026-04-04 18:00:00,80.88,80.8,-0.0009891196834816802,0.0013,-0.00228911968348168,1.0,-0.000543814995921474
