scope,signal,description,horizon,full_ic,full_tstat,full_pval,full_n,hit_rate,is_ic,is_tstat,is_n,oos_ic,oos_tstat,oos_n,sign_consistent
BTC,oi_roc_5d,OI rate of change (5d),1d,-0.019234411507300916,-0.863782733186171,0.3878100096915067,2018,0.4975222993062438,-0.012568171773601408,-0.4989815840276761,1578,-0.06624968479833433,-1.3895559333372458,440,True
BTC,oi_roc_5d,OI rate of change (5d),3d,-0.021553739334058235,-0.9675050968275413,0.3334077600621426,2016,0.470734126984127,-0.011470259159394706,-0.45538624474010314,1578,-0.10364789587147424,-2.1759511622505237,438,True
BTC,oi_roc_5d,OI rate of change (5d),7d,-0.015932135456740156,-0.7143764759155548,0.47507736586563465,2012,0.4821073558648111,-0.009761683864282876,-0.3875462495453108,1578,-0.08430298851064032,-1.7584645523553613,434,True
BTC,oi_roc_5d,OI rate of change (5d),14d,0.001728196032208897,0.07734533536784452,0.9383565514700468,2005,0.5012468827930174,0.0023541277074018894,0.0934564605033369,1578,-0.0518073971637393,-1.0694730540733364,427,False
BTC,oi_roc_10d,OI rate of change (10d),1d,-0.013251159010121442,-0.5942894678484926,0.5523853704307105,2013,0.49677098857426727,-0.006913227293504649,-0.27401813535319874,1573,-0.06027205249463628,-1.2636980282082233,440,True
BTC,oi_roc_10d,OI rate of change (10d),3d,-0.0031568192690417827,-0.14149524686126122,0.8874929012516912,2011,0.4932869219293884,0.0037595982985452916,0.1490158986598337,1573,-0.07089894212155072,-1.4841482274450637,438,False
BTC,oi_roc_10d,OI rate of change (10d),7d,0.010199162100166786,0.45671394495895196,0.6479261385556484,2007,0.5151968111609367,0.011311630488451609,0.44837468929102603,1573,-0.050030808820534116,-1.041174723063441,434,False
BTC,oi_roc_10d,OI rate of change (10d),14d,-0.008055935013983754,-0.36010387024796636,0.718807519373409,2000,0.5155,-0.02000679761517525,-0.7931450292491311,1573,-0.02636024512325986,-0.5436192779542312,427,True
BTC,oi_roc_20d,OI rate of change (20d),1d,-0.013671758180743208,-0.6116296137315423,0.5408523215262953,2003,0.5022466300549177,-0.022699860427790514,-0.8970911239918926,1563,-0.00958058104169396,-0.2005159095024389,440,True
BTC,oi_roc_20d,OI rate of change (20d),3d,-0.02477777994119823,-1.108159169911506,0.2679263929696826,2001,0.4897551224387806,-0.035638258364447166,-1.4089445268993663,1563,-0.029542493330198157,-0.6171347345141195,438,True
BTC,oi_roc_20d,OI rate of change (20d),7d,-0.004393196340937593,-0.19622586591697158,0.8444533689113757,1997,0.4987481221832749,-0.02782766849456604,-1.0998830062222065,1563,0.031269686726224266,0.650246214706218,434,False
BTC,oi_roc_20d,OI rate of change (20d),14d,0.04177554842383699,1.8642735832026673,0.06243058020537094,1990,0.5251256281407035,0.015542338540896079,0.6141440906042476,1563,0.06529232080085848,1.3489140159551856,427,True
BTC,oi_zscore_20d,OI z-score (20d rolling),1d,-0.01511982776205277,-0.6765946011200287,0.4987413666264163,2004,0.501996007984032,-0.0037643944720722965,-0.14877800090797424,1564,-0.06920307157860038,-1.4517935303086789,440,True
BTC,oi_zscore_20d,OI z-score (20d rolling),3d,-0.0035544600922920253,-0.15896129196990347,0.8737154201355722,2002,0.4975024975024975,0.019509706658134042,0.7712122556364671,1564,-0.11592520110801217,-2.437019781756609,438,False
BTC,oi_zscore_20d,OI z-score (20d rolling),7d,-0.00050104751504024,-0.022385110140558332,0.9821429952492977,1998,0.5025025025025025,0.008811047750208932,0.34824503105932314,1564,-0.08477332304782358,-1.7683460126742943,434,False
BTC,oi_zscore_20d,OI z-score (20d rolling),14d,0.023574403821860237,1.0516683979704797,0.2930794649031405,1991,0.5168257157207433,0.022926113943007937,0.9063274325695572,1564,-0.03362013663103178,-0.6934889131709656,427,False
BTC,toptrader_ls_raw,Top trader L/S ratio (raw),1d,-0.060932961961206816,-2.5214451979692707,0.01177783400770049,1708,0.515807962529274,-0.04291950964963614,-1.5285229956635251,1268,-0.03139380415657669,-0.6573476572757267,440,True
BTC,toptrader_ls_raw,Top trader L/S ratio (raw),3d,-0.09366442285669616,-3.883496340859854,0.00010689810001215506,1706,0.5416178194607268,-0.04787093513171388,-1.7052456703078531,1268,-0.11928154150593603,-2.5085818021653066,438,True
BTC,toptrader_ls_raw,Top trader L/S ratio (raw),7d,-0.1373037692320799,-5.715309198606635,1.2906217994773324e-08,1702,0.5511163337250293,-0.07210270926698185,-2.572173659153135,1268,-0.1682986594951904,-3.548639564717673,434,True
BTC,toptrader_ls_raw,Top trader L/S ratio (raw),14d,-0.16557504184669136,-6.90811549812462,6.926996375435528e-12,1695,0.56047197640118,-0.09939936594437859,-3.5543206248221315,1268,-0.204201615391753,-4.300337180513287,427,True
BTC,toptrader_ls_zscore,Top trader L/S z-score (20d),1d,-0.0005386141972330203,-0.02184544072313032,0.9825738957563129,1647,0.4978749241044323,-0.006239378449167659,-0.21659244590578497,1207,0.0070830568715371835,0.1482411169521694,440,False
BTC,toptrader_ls_zscore,Top trader L/S z-score (20d),3d,-0.0007467189920258696,-0.03026746856911242,0.9758574170749982,1645,0.49422492401215806,0.006114807211302982,0.212267943315794,1207,-0.04970324264154642,-1.0391184945887029,438,False
BTC,toptrader_ls_zscore,Top trader L/S z-score (20d),7d,-0.02747627204832439,-1.1127850459519573,0.26596393952385994,1641,0.4984765386959171,-0.027761731513727933,-0.9640676191660714,1207,-0.059239618491751335,-1.2334385235977567,434,True
BTC,toptrader_ls_zscore,Top trader L/S z-score (20d),14d,-0.03849318104593913,-1.5562016470973477,0.1198540385641512,1634,0.47429620563035496,-0.04423416559258607,-1.5370098924802995,1207,-0.05627359992650864,-1.1619512269457997,427,True
BTC,toptrader_ls_roc_5d,Top trader L/S rate of change (5d),1d,-0.0019686217803461473,-0.0808815282123175,0.9355457583557009,1690,0.5041420118343195,-0.006211492743355357,-0.21943790741682712,1250,0.007613159158879952,0.15933623491587506,440,False
BTC,toptrader_ls_roc_5d,Top trader L/S rate of change (5d),3d,-0.005057376883653863,-0.20766325562379584,0.8355169895552124,1688,0.4887440758293839,0.024008699909567943,0.8484009371428665,1250,-0.09377781017997092,-1.9668055792259316,438,False
BTC,toptrader_ls_roc_5d,Top trader L/S rate of change (5d),7d,-0.03461922912640166,-1.4206620977500977,0.15560036091161925,1684,0.4845605700712589,-0.01639674598191743,-0.579326440134108,1250,-0.09964258832259458,-2.081390777897104,434,True
BTC,toptrader_ls_roc_5d,Top trader L/S rate of change (5d),14d,0.0002542015128393124,0.0104036456247955,0.9917004804361381,1677,0.4913536076326774,0.01916836145175133,0.677285975861771,1250,-0.07780681330205842,-1.608906019555978,427,False
BTC,ls_divergence_sum,Top trader - general L/S (sum-based),1d,0.016034985299866036,0.6623902324894485,0.5078106327105283,1708,0.4964871194379391,0.044242404690044944,1.5757272125179234,1268,0.005367937193514805,0.11234422126625426,440,True
BTC,ls_divergence_sum,Top trader - general L/S (sum-based),3d,0.015890733197162846,0.6560449112499847,0.5118837995677346,1706,0.4912075029308324,0.07417244366032874,2.6464115616445567,1268,-0.05932355217119249,-1.2408975956658768,438,False
BTC,ls_divergence_sum,Top trader - general L/S (sum-based),7d,0.01746593283267694,0.7202487266796254,0.4714708837433832,1702,0.491186839012926,0.0845709763346343,3.0199299500981716,1268,-0.01816916703151601,-0.37770139343670367,434,False
BTC,ls_divergence_sum,Top trader - general L/S (sum-based),14d,0.07275377497470273,3.001486876646859,0.0027259436874726216,1695,0.5138643067846608,0.14997589928459623,5.397322124358763,1268,0.09616716693604249,1.9917683884647466,427,True
BTC,ls_divergence_count,Top trader - general L/S (count-based),1d,-0.04691378131059632,-1.9398511166176593,0.052562416195794895,1708,0.4953161592505855,-0.008689748365999395,-0.3092006876780463,1268,-0.07804167846471784,-1.6382879483946402,440,True
BTC,ls_divergence_count,Top trader - general L/S (count-based),3d,-0.07486222992844092,-3.09897410583528,0.0019736622337896137,1706,0.5011723329425557,-0.01658532767187395,-0.5902019616130307,1268,-0.11592005991771666,-2.436910229737649,438,True
BTC,ls_divergence_count,Top trader - general L/S (count-based),7d,-0.1570392054958932,-6.556239717291042,7.298158334908873e-11,1702,0.48472385428907167,-0.08020683711847676,-2.863055020535822,1268,-0.2055742863234893,-4.3660331621421635,434,True
BTC,ls_divergence_count,Top trader - general L/S (count-based),14d,-0.20401721584021706,-8.57486141640556,2.2014430863856293e-17,1695,0.48200589970501473,-0.11870485979208466,-4.253700440842692,1268,-0.2302981362974846,-4.878860901066025,427,True
BTC,ls_divergence_ratio,Top trader / general L/S ratio,1d,-0.0410164647439365,-1.6955607868557898,0.09015155639644959,1708,0.515807962529274,-0.01076807050251076,-0.3831597870245612,1268,-0.027168622677897006,-0.5688071153943667,440,True
BTC,ls_divergence_ratio,Top trader / general L/S ratio,3d,-0.07647519629367112,-3.16613260269552,0.001572137469585017,1706,0.5416178194607268,-0.029382989724426854,-1.0459246377085343,1268,-0.0879609817931172,-1.8438260371546256,438,True
BTC,ls_divergence_ratio,Top trader / general L/S ratio,7d,-0.15081135437369533,-6.29005354512839,4.0266220753850613e-10,1702,0.5511163337250293,-0.09444353181279423,-3.3754728913399843,1268,-0.10574328527353058,-2.2102246197638675,434,True
BTC,ls_divergence_ratio,Top trader / general L/S ratio,14d,-0.1771362388503283,-7.405571253226538,2.049210254943516e-13,1695,0.56047197640118,-0.12509223951313392,-4.486131726368638,1268,-0.014554617424171195,-0.3000829108999144,427,True
BTC,ls_divergence_zscore,L/S divergence z-score (20d),1d,0.029152506519324422,1.1828875950849054,0.23702462919226708,1647,0.5191256830601093,0.039828039826872864,1.3836529852922979,1207,-0.004609762728864584,-0.0964762117070017,440,False
BTC,ls_divergence_zscore,L/S divergence z-score (20d),3d,0.039788803253391104,1.6140749870390796,0.10670318269293762,1645,0.5082066869300912,0.06361238382507102,2.212665023429217,1207,-0.035790467647667655,-0.7478060120433067,438,False
BTC,ls_divergence_zscore,L/S divergence z-score (20d),7d,-0.018712814459819753,-0.7577128281309358,0.44873184134645944,1641,0.4942108470444851,0.010890115338471394,0.3780521888767963,1207,-0.10587760365727672,-2.213063923874119,434,False
BTC,ls_divergence_zscore,L/S divergence z-score (20d),14d,-0.017019586009415846,-0.6876571745744051,0.4917664101325568,1634,0.5104039167686658,0.019681948487971043,0.6833540125628523,1207,-0.1363538978624312,-2.8375094119755166,427,False
BTC,oi_price_div_5d,OI-price divergence (5d),1d,-0.030285046295379165,-1.3604192266701105,0.17384938127792818,2018,0.49454905847373637,-0.025080286961405962,-0.9959722563290678,1578,-0.06303864266766968,-1.3219302563501127,440,True
BTC,oi_price_div_5d,OI-price divergence (5d),3d,-0.03728089831493161,-1.6742415548953626,0.09423840241904197,2016,0.4662698412698413,-0.031082352991153292,-1.2345306733242891,1578,-0.08790228653724337,-1.8425860912228105,438,True
BTC,oi_price_div_5d,OI-price divergence (5d),7d,-0.04108743960228591,-1.8436309927003076,0.06538405414317143,2012,0.4711729622266402,-0.04142807987301977,-1.6460609736540015,1578,-0.05042451582076055,-1.0493888340047148,434,True
BTC,oi_price_div_5d,OI-price divergence (5d),14d,-0.03648203626312515,-1.6338370777427305,0.10245021855839115,2005,0.46982543640897756,-0.04026349670641563,-1.5997123920308907,1578,-0.03569201327160142,-0.7362788331004965,427,True
BTC,oi_price_div_10d,OI-price divergence (10d),1d,-0.025117976183232294,-1.1267504074708345,0.25998245422027644,2013,0.4918032786885246,-0.02176338775410964,-0.8628145644779026,1573,-0.044742999705576984,-0.9373403291811983,440,True
BTC,oi_price_div_10d,OI-price divergence (10d),3d,-0.018725225555755027,-0.8394468014798142,0.40131850800306085,2011,0.4803580308304326,-0.01945697871688135,-0.7713397597433478,1573,-0.03309905452796411,-0.6915074422500891,438,True
BTC,oi_price_div_10d,OI-price divergence (10d),7d,-0.03570396220268499,-1.5997443778685423,0.10981285260747883,2007,0.4763328350772297,-0.041878601405507664,-1.6613511362530022,1573,-0.027897487915932835,-0.5800641648424814,434,True
BTC,oi_price_div_10d,OI-price divergence (10d),14d,-0.041524001881000465,-1.8576833203649428,0.06336101978610963,2000,0.4765,-0.06020260417884191,-2.390516900754122,1573,0.020420207779540737,0.42106116508471264,427,False
BTC,oi_price_div_20d,OI-price divergence (20d),1d,-0.02463746369594185,-1.1024309342640215,0.27040694348702127,2003,0.49925112331502747,-0.031011587044640222,-1.2258416658058822,1563,-0.008995820320258979,-0.18827618987053082,440,True
BTC,oi_price_div_20d,OI-price divergence (20d),3d,-0.04696615678174898,-2.1021850215982876,0.0356618731352589,2001,0.47176411794102946,-0.05721216389433121,-2.2641321137485986,1563,-0.022364392001764564,-0.46709904291452464,438,True
BTC,oi_price_div_20d,OI-price divergence (20d),7d,-0.03358511380965904,-1.5009400492965208,0.13352931099259946,1997,0.46970455683525286,-0.05642964763210435,-2.233064956575306,1563,0.04808429322657346,1.0005706456761052,434,False
BTC,oi_price_div_20d,OI-price divergence (20d),14d,-0.0021928681263705422,-0.0977736322390954,0.9221219017703822,1990,0.47788944723618093,-0.02494415229136559,-0.9858375457032873,1563,0.07607110411819777,1.5728033487385238,427,False
BTC,taker_ratio_zscore,Taker buy/sell z-score (20d),1d,-0.00912038777018181,-0.3927229052047246,0.694569297873565,1856,0.49622844827586204,-0.011378051297379772,-0.42787873766807616,1416,0.004322805949880469,0.09047047147694622,440,False
BTC,taker_ratio_zscore,Taker buy/sell z-score (20d),3d,-0.007405090261356673,-0.31868583139166223,0.7500006954058254,1854,0.49029126213592233,-0.02276503763855499,-0.8562599723104017,1416,0.0545626671467015,1.1410016331085224,438,False
BTC,taker_ratio_zscore,Taker buy/sell z-score (20d),7d,-0.04498218217551372,-1.9356700199698478,0.05306049120713037,1850,0.46378378378378377,-0.06955713924581046,-2.621920790332758,1416,0.05794986841569264,1.206492914843792,434,False
BTC,taker_ratio_zscore,Taker buy/sell z-score (20d),14d,-0.032233813793349796,-1.3837713174063266,0.16659623199016374,1843,0.4834508952794357,-0.05026014544848066,-1.8923334730487504,1416,0.045165893476378415,0.9320699244484787,427,False
BTC,taker_ratio_raw,Taker buy/sell ratio (raw),1d,0.01428543717815752,0.6216030850314649,0.5342777406969562,1895,0.508179419525066,0.014498606018267388,0.5527193984059461,1455,0.04518139415633721,0.9465431380211843,440,True
BTC,taker_ratio_raw,Taker buy/sell ratio (raw),3d,0.026367406860309917,1.1470020840580533,0.25152586231066454,1893,0.5367142102482831,0.023995949030336926,0.9149467283407582,1455,0.08678879040573916,1.8190669700002946,438,True
BTC,taker_ratio_raw,Taker buy/sell ratio (raw),7d,0.02129963726674389,0.9254579575767939,0.354846079516525,1889,0.5426151402858655,0.023501966347157007,0.896101037147556,1455,0.10811873891919206,2.2604566135045103,434,True
BTC,taker_ratio_raw,Taker buy/sell ratio (raw),14d,0.06089337638676638,2.6451826112437593,0.008232683481712022,1882,0.5563230605738576,0.0865408340578153,3.3112066713517456,1455,0.09554893325018289,1.9788454651087513,427,True
BTC,taker_ratio_range,Taker ratio intraday range,1d,0.00816274294038395,0.35516151187781836,0.7225081628629361,1895,0.508179419525066,0.014547236821375709,0.5545737055115137,1455,0.035199749810879,0.737132991292966,440,True
BTC,taker_ratio_range,Taker ratio intraday range,3d,0.013409512737629766,0.5831735408866482,0.5598460207247019,1893,0.5367142102482831,0.024045191468155494,0.9168253889735529,1455,0.05663756586346754,1.184528494589943,438,True
BTC,taker_ratio_range,Taker ratio intraday range,7d,0.01870766076571767,0.8127957908117122,0.4164376813209626,1889,0.5426151402858655,0.054368224976855284,2.0754906362163967,1455,0.036278367877501626,0.7545284049859878,434,True
BTC,taker_ratio_range,Taker ratio intraday range,14d,0.03609044464913461,1.5658645078822657,0.11754863563426414,1882,0.5563230605738576,0.09036276015707091,3.458618611871734,1455,0.031023740111883184,0.6398787939000133,427,True
BTC,ls_ratio_range,L/S ratio intraday range,1d,-0.03312836231936384,-1.4831000561514105,0.13820522782301495,2004,0.5074850299401198,-0.04343502791329877,-1.7182671092445678,1564,-0.011935542492001978,-0.24981019299485901,440,True
BTC,ls_ratio_range,L/S ratio intraday range,3d,-0.06883687427414564,-3.0857983374285336,0.002057877569071179,2002,0.5344655344655345,-0.08542786362619863,-3.3886802735374855,1564,-0.028445706067154367,-0.5942042316686403,438,True
BTC,ls_ratio_range,L/S ratio intraday range,7d,-0.09390902915807581,-4.214160910690853,2.618846255278097e-05,1998,0.536036036036036,-0.11401483806626198,-4.53568804984484,1564,-0.052900671555219714,-1.1010615399658352,434,True
BTC,ls_ratio_range,L/S ratio intraday range,14d,-0.1636559072951245,-7.398510450141903,2.020516103636109e-13,1991,0.5474635861376193,-0.19087958081566503,-7.68527623831509,1564,-0.11474084278923118,-2.3811696029921854,427,True
BTC,oi_dispersion,Cross-token OI z-score dispersion,1d,-0.0036313366655787824,-0.14278221764408197,0.8864807871789877,1548,0.49612403100775193,0.00980049114538015,0.3259464550151778,1108,-0.04362264267893945,-0.913824163956565,440,False
BTC,oi_dispersion,Cross-token OI z-score dispersion,3d,-0.03140134756028982,-1.234485963787607,0.2172097200413741,1546,0.5258732212160414,-0.007268666502279311,-0.24173736264639784,1108,-0.1064301366863986,-2.2350210082548316,438,True
BTC,oi_dispersion,Cross-token OI z-score dispersion,7d,0.011562355397081678,0.453769923323016,0.6500583708396833,1542,0.5136186770428015,0.025541334734816266,0.849694596914308,1108,-0.04879390532168702,-1.015371719144393,434,False
BTC,oi_dispersion,Cross-token OI z-score dispersion,14d,0.019857795771417892,0.7776564210559465,0.43689158237049663,1535,0.5237785016286645,0.026914269982562716,0.8954008900433799,1108,-0.016099662167890137,-0.3319460611265287,427,False
BTC,toptrader_ls_dispersion,Cross-token top trader L/S dispersion,1d,-0.003086853391298196,-0.10644101317433732,0.915250409422585,1191,0.5079764903442485,-0.017611241748590533,-0.4820568376744085,751,-0.012121775610223382,-0.25370860948273843,440,True
BTC,toptrader_ls_dispersion,Cross-token top trader L/S dispersion,3d,0.012649175173293316,0.4358352102997839,0.6630355418318208,1189,0.5407905803195963,0.016710995268719723,0.45740812370112915,751,-0.03967949248454376,-0.8291851447539739,438,False
BTC,toptrader_ls_dispersion,Cross-token top trader L/S dispersion,7d,0.03858158300251711,1.3279933122573464,0.1844364770709362,1185,0.5392405063291139,0.050751026999461706,1.390739418798907,751,-0.045896298133965334,-0.9549429526152777,434,False
BTC,toptrader_ls_dispersion,Cross-token top trader L/S dispersion,14d,0.10613345470969847,3.6602930433135796,0.00026310260451640186,1178,0.5500848896434635,0.10780839731421936,2.9677827527883,751,0.0073290979213722655,0.1510972825523487,427,True
BTC,taker_dispersion,Cross-token taker ratio dispersion,1d,0.006312060071750766,0.23601160638492608,0.8134582349244168,1400,0.49642857142857144,-0.002035131331522712,-0.06299065065365993,960,0.029555984746352466,0.6188312862826701,440,False
BTC,taker_dispersion,Cross-token taker ratio dispersion,3d,0.028138759710689038,1.0517672971712126,0.2930883490646089,1398,0.530758226037196,0.01992756611064031,0.6169120611431257,960,0.054909983113332034,1.148286517965656,438,True
BTC,taker_dispersion,Cross-token taker ratio dispersion,7d,-0.010339436827595678,-0.3857800072008042,0.6997185518653884,1394,0.5258249641319943,-0.03639382475458414,-1.1271929361544843,960,0.06907524728711727,1.439139507193118,434,False
BTC,taker_dispersion,Cross-token taker ratio dispersion,14d,-0.04978659445726012,-1.8551379902122767,0.06378888542561555,1387,0.5385724585436193,-0.08102555992356761,-2.5161417152178505,960,0.0569445476289636,1.1758499248034637,427,False
ETH,oi_roc_5d,OI rate of change (5d),1d,-0.032658092523945234,-1.2905797203184937,0.19704069310209743,1562,0.49039692701664533,-0.02339635857729933,-0.783206308357379,1122,-0.05832731104452549,-1.2227819559771875,440,True
ETH,oi_roc_5d,OI rate of change (5d),3d,-0.013043922570266063,-0.5149071093898063,0.6066909726313925,1560,0.48846153846153845,-0.006916933206396822,-0.23149039857531958,1122,-0.032540378515851176,-0.6798230708183453,438,True
ETH,oi_roc_5d,OI rate of change (5d),7d,-0.007386332642868114,-0.29118313453388517,0.7709501196491588,1556,0.4948586118251928,-0.005378237844591888,-0.17999286791590643,1122,-0.01639910028702297,-0.3408947403233949,434,True
ETH,oi_roc_5d,OI rate of change (5d),14d,0.02676072827115752,1.052927934641642,0.29253845168625664,1549,0.5106520335700452,0.02839514535933925,0.9506666538641637,1122,0.010339191576608417,0.2131592883185088,427,True
ETH,oi_roc_10d,OI rate of change (10d),1d,-0.022051503038768447,-0.8697791861633625,0.3845553251945287,1557,0.5003211303789339,-0.02114628064770479,-0.7062664037013093,1117,-0.023210394118301697,-0.4858884591548162,440,True
ETH,oi_roc_10d,OI rate of change (10d),3d,-0.011710580868864538,-0.46152363497966903,0.6444876037743217,1555,0.5112540192926045,-0.0042002185003244125,-0.14025331924657994,1117,-0.028496975159268002,-0.5952760647465954,438,True
ETH,oi_roc_10d,OI rate of change (10d),7d,0.02064474318144831,0.8126953270695892,0.416517645589146,1551,0.5041908446163765,0.0214252912446485,0.7155893538366338,1117,0.013695851066601731,0.2846896205731032,434,True
ETH,oi_roc_10d,OI rate of change (10d),14d,0.014073743034535872,0.5527068139275688,0.5805442957354195,1544,0.5213730569948186,-0.00017590135430696735,-0.0058736305174788336,1117,0.029331034467876663,0.6049350377937796,427,False
ETH,oi_roc_20d,OI rate of change (20d),1d,-0.014326588200651802,-0.5631856676043442,0.5733901811558619,1547,0.491273432449903,-0.02295730740909814,-0.7633374393106233,1107,-0.0009603261474397172,-0.02009814658274352,440,True
ETH,oi_roc_20d,OI rate of change (20d),3d,-0.011692485982626975,-0.4593243933447303,0.6460659347168057,1545,0.484789644012945,-0.0336569616732523,-1.1194434745164985,1107,0.03330584462651716,0.6958324962522269,438,False
ETH,oi_roc_20d,OI rate of change (20d),7d,0.006650519895999485,0.2609062672674567,0.7941996982325341,1541,0.49772874756651525,-0.03647003388254811,-1.2131271366429102,1107,0.10183307894801547,2.127621238955234,434,False
ETH,oi_roc_20d,OI rate of change (20d),14d,0.06766516080465268,2.654550603253315,0.008023644767552547,1534,0.5286831812255541,0.020715118726382622,0.6887502462711078,1107,0.15586609899938933,3.2530197263837843,427,True
ETH,oi_zscore_20d,OI z-score (20d rolling),1d,-0.024985419481140206,-0.9827136559316516,0.3259021488539809,1548,0.4974160206718346,-0.021831168398437264,-0.7262030359256367,1108,-0.03191376364171678,-0.6682459789446744,440,True
ETH,oi_zscore_20d,OI z-score (20d rolling),3d,-0.005912487569171644,-0.2323279603641265,0.8163140871125057,1546,0.4922380336351876,0.001606133453332398,0.053414571841448114,1108,-0.028220636180883923,-0.5894989697240911,438,False
ETH,oi_zscore_20d,OI z-score (20d rolling),7d,0.0070767902272385825,0.2777202566407673,0.7812643871913091,1542,0.49481193255512324,-0.00988919538829332,-0.32889688354482643,1108,0.04290209914678467,0.8925251504727874,434,False
ETH,oi_zscore_20d,OI z-score (20d rolling),14d,0.0486568726934331,1.907348154048174,0.05666224123131348,1535,0.5289902280130293,0.030480480492401978,1.014147697358508,1108,0.07531183731776285,1.5570151756391024,427,True
ETH,toptrader_ls_raw,Top trader L/S ratio (raw),1d,-0.031973682634405955,-1.131018667803336,0.2582641819368495,1252,0.5031948881789138,-0.016585049743763066,-0.47208372173137975,812,-0.0063451680112923195,-0.13279720183601215,440,True
ETH,toptrader_ls_raw,Top trader L/S ratio (raw),3d,-0.044479961907175625,-1.5729022856413692,0.11599491156925268,1250,0.5128,0.004870701674526297,0.13862424420437966,812,-0.044445804321013346,-0.9289736548761952,438,False
ETH,toptrader_ls_raw,Top trader L/S ratio (raw),7d,-0.06308598874743544,-2.2295080271219057,0.025958083554185253,1246,0.5008025682182986,0.018360776198554838,0.5226449555279702,812,-0.08629075379403559,-1.8002345186961055,434,False
ETH,toptrader_ls_raw,Top trader L/S ratio (raw),14d,-0.08280204167616712,-2.922266521162079,0.0035380955982376567,1239,0.48184019370460046,0.035582823680975935,1.013346636907408,812,-0.10806126786766254,-2.2408620662304495,427,False
ETH,toptrader_ls_zscore,Top trader L/S z-score (20d),1d,-0.026697623752220956,-0.9209124945283578,0.3572829217197124,1191,0.4836272040302267,-0.06863974275434173,-1.8829641188599873,751,0.04548159292708593,0.9528452486638113,440,False
ETH,toptrader_ls_zscore,Top trader L/S z-score (20d),3d,-0.052183602497756755,-1.800327615372644,0.07206272073772463,1189,0.47771236333052985,-0.12860991019066775,-3.5492542076062534,751,0.05455438411789206,1.1408279032719884,438,False
ETH,toptrader_ls_zscore,Top trader L/S z-score (20d),7d,-0.09052104781580521,-3.126285182948809,0.001813440675722984,1185,0.47763713080168774,-0.16965277502337311,-4.711330050192928,751,0.01823860156213014,0.3791452807120798,434,False
ETH,toptrader_ls_zscore,Top trader L/S z-score (20d),14d,-0.043477986066860375,-1.4923955639342548,0.1358636864300337,1178,0.48811544991511036,-0.08217148766184096,-2.2564891126573867,751,-0.017214363243965095,-0.3549357833833271,427,True
ETH,toptrader_ls_roc_5d,Top trader L/S rate of change (5d),1d,-0.036576048954858845,-1.2846737186116481,0.1991478170870984,1234,0.4805510534846029,-0.0751720729233797,-2.121532365894465,794,0.019189054789445284,0.40167112325696697,440,False
ETH,toptrader_ls_roc_5d,Top trader L/S rate of change (5d),3d,-0.0721787872344953,-2.5380278440159443,0.011270458601030233,1232,0.4724025974025974,-0.1552352510827806,-4.422316603617995,794,0.0373745255020533,0.7809486304002815,438,False
ETH,toptrader_ls_roc_5d,Top trader L/S rate of change (5d),7d,-0.10165683250029986,-3.5779766986052315,0.00035976890013078,1228,0.46661237785016285,-0.21598538804290887,-6.225306022563843,794,0.057013456426712614,1.1869330924576338,434,False
ETH,toptrader_ls_roc_5d,Top trader L/S rate of change (5d),14d,-0.086369401297898,-3.026827572320565,0.002523208367124818,1221,0.46273546273546273,-0.14375607150945854,-4.088117108610603,794,-0.019645065120306643,-0.40507156445608483,427,True
ETH,ls_divergence_sum,Top trader - general L/S (sum-based),1d,0.0041016904851697775,0.14501787770523947,0.8847201352815364,1252,0.4976038338658147,0.014376940341172133,0.409217189410287,812,0.016443736326586956,0.34418844271665255,440,True
ETH,ls_divergence_sum,Top trader - general L/S (sum-based),3d,-0.005815345801821314,-0.205442447787726,0.8372599631660663,1250,0.4904,0.022090238821031494,0.628852670645095,812,0.008657407430548051,0.18077874916894682,438,True
ETH,ls_divergence_sum,Top trader - general L/S (sum-based),7d,0.03306896810714665,1.1669934707562886,0.24343665377161963,1246,0.5040128410914928,0.04441833197009393,1.2654168326084199,812,0.10845475507262917,2.267565244878047,434,True
ETH,ls_divergence_sum,Top trader - general L/S (sum-based),14d,0.07719538168621373,2.7231655709186433,0.006556907750811601,1239,0.5230024213075061,0.10846681839107057,3.1053410647054642,812,0.18975581696090438,3.9843059848101494,427,True
ETH,ls_divergence_count,Top trader - general L/S (count-based),1d,-0.005807647444586881,-0.2053348074146297,0.8373439834230745,1252,0.5175718849840255,0.019490001500149845,0.5548005503860489,812,-0.022421368630285,-0.46936247517687746,440,False
ETH,ls_divergence_count,Top trader - general L/S (count-based),3d,-0.009136683735477592,-0.32278549663661854,0.7469117669820191,1250,0.5104,0.04311824693022339,1.2283091782323705,812,-0.06908353070386679,-1.4459610465152657,438,False
ETH,ls_divergence_count,Top trader - general L/S (count-based),7d,-0.05544692203949365,-1.9586473540803824,0.05037726154486945,1246,0.5,0.012551051995489552,0.3572373407443349,812,-0.1579034441655727,-3.323658220266893,434,False
ETH,ls_divergence_count,Top trader - general L/S (count-based),14d,-0.06999989400707149,-2.4680210860859537,0.013720723049958403,1239,0.4971751412429379,0.027702005106157734,0.7887155756783283,812,-0.16591382213920877,-3.468473219590732,427,False
ETH,ls_divergence_ratio,Top trader / general L/S ratio,1d,0.0011301322058096188,0.039956232834279154,0.9681344000813553,1252,0.5031948881789138,0.03158128098990076,0.8992675805995032,812,-0.008916227497418515,-0.18661023505668695,440,False
ETH,ls_divergence_ratio,Top trader / general L/S ratio,3d,0.005181094131900246,0.18303519428615903,0.8548001338117387,1250,0.5128,0.06449465380259968,1.8393795177542567,812,-0.023324937721977138,-0.48717153976758004,438,False
ETH,ls_divergence_ratio,Top trader / general L/S ratio,7d,-0.016340500149167693,-0.5764126775795123,0.5644405508438904,1246,0.5008025682182986,0.041949394183098926,1.194952561591524,812,0.00033286003840918586,0.006918366363267992,434,True
ETH,ls_divergence_ratio,Top trader / general L/S ratio,14d,-0.009925581607804207,-0.3491099349113118,0.7270661944036276,1239,0.48184019370460046,0.0610311747186401,1.7402216997523627,812,0.07753491995330339,1.6032496868210047,427,True
ETH,ls_divergence_zscore,L/S divergence z-score (20d),1d,0.04401367227870981,1.5191462959846629,0.12899152488554694,1191,0.5138539042821159,0.05340578519420914,1.46369112984044,751,0.027423742327744933,0.5741523469930911,440,True
ETH,ls_divergence_zscore,L/S divergence z-score (20d),3d,0.06747567696956704,2.330040831616451,0.019970950847402694,1189,0.5088309503784693,0.0977287021559906,2.687490632669902,751,0.016653243637652047,0.34777816398330896,438,True
ETH,ls_divergence_zscore,L/S divergence z-score (20d),7d,-0.012857741618921632,-0.44227558803972084,0.6583706378579407,1185,0.49535864978902955,0.04546938833328612,1.2456884277929048,751,-0.09952045401081666,-2.078814030679336,434,False
ETH,ls_divergence_zscore,L/S divergence z-score (20d),14d,-0.026435134995768318,-0.9068532056022105,0.3646702036639294,1178,0.5,0.06437357282488597,1.7654289380218968,751,-0.17023036025252172,-3.561369478626874,427,False
ETH,oi_price_div_5d,OI-price divergence (5d),1d,-0.03796717345401408,-1.5006651965417694,0.13364453664687773,1562,0.49295774647887325,-0.027212397497567674,-0.9110383895689427,1122,-0.06376934704302098,-1.3373154479806029,440,True
ETH,oi_price_div_5d,OI-price divergence (5d),3d,-0.021542589011962557,-0.8505158678043285,0.3951690298212432,1560,0.492948717948718,-0.01927629833596519,-0.6452282177834472,1122,-0.03623917931179312,-0.757193645563908,438,True
ETH,oi_price_div_5d,OI-price divergence (5d),7d,-0.01175132211754581,-0.46327858653571324,0.6432295660395572,1556,0.5006426735218509,-0.01117303629848481,-0.3739446555824677,1122,-0.022459868712954637,-0.46693739204231266,434,True
ETH,oi_price_div_5d,OI-price divergence (5d),14d,0.027800058471686998,1.0938524701772532,0.2741899772188945,1549,0.5293737895416397,0.025783246663185464,0.8631594249435952,1122,0.018827997863078576,0.3882179360091119,427,True
ETH,oi_price_div_10d,OI-price divergence (10d),1d,-0.02696448277937747,-1.0636903824535064,0.287634131945479,1557,0.4932562620423892,-0.021196737446189242,-0.7079523711588297,1117,-0.0385053172231825,-0.8064546589685513,440,True
ETH,oi_price_div_10d,OI-price divergence (10d),3d,-0.02267891925849092,-0.8939635212791944,0.3714799247440451,1555,0.490032154340836,-0.016248225681515065,-0.5426261406845896,1117,-0.04125883758115851,-0.8622440291068205,438,True
ETH,oi_price_div_10d,OI-price divergence (10d),7d,0.012688047682422508,0.49940797302307005,0.6175629264287413,1551,0.5099935525467441,0.010256825276493351,0.3425099850006302,1117,0.015891039165552543,0.3303307576789827,434,True
ETH,oi_price_div_10d,OI-price divergence (10d),14d,0.01558999347217223,0.6122670723996251,0.5404513423446371,1544,0.5239637305699482,0.003545433910299074,0.11838851075262888,1117,0.02636687290897214,0.5437560558308071,427,True
ETH,oi_price_div_20d,OI-price divergence (20d),1d,-0.011381689820200217,-0.4474032343838556,0.6546466579618913,1547,0.49903038138332256,-0.016254297814323807,-0.5403892862061571,1107,-0.0043659128592418535,-0.0913726577953414,440,True
ETH,oi_price_div_20d,OI-price divergence (20d),3d,-0.015818528748345342,-0.6214459954597017,0.5343980145125204,1545,0.49385113268608416,-0.03681756012499445,-1.22470275162156,1107,0.02895496952809371,0.604851117467441,438,False
ETH,oi_price_div_20d,OI-price divergence (20d),7d,0.0007609842567182412,0.02985348989796216,0.9761877697294609,1541,0.5158987670343933,-0.04380898810587522,-1.4576777219664154,1107,0.09715072541101975,2.028836956241707,434,False
ETH,oi_price_div_20d,OI-price divergence (20d),14d,0.06546834094913162,2.5679906255702596,0.01032307957599963,1534,0.529986962190352,0.03665618559293681,1.2193275356995186,1107,0.10808515872313705,2.2413633454150808,427,True
ETH,taker_ratio_zscore,Taker buy/sell z-score (20d),1d,-0.03002473251990727,-1.1231262452968462,0.26157671625372075,1400,0.49214285714285716,-0.054548453286082106,-1.6908780539301933,960,0.017474357728181355,0.36576706222717015,440,False
ETH,taker_ratio_zscore,Taker buy/sell z-score (20d),3d,0.0030386829936294014,0.11353509023979164,0.9096226697705915,1398,0.4957081545064378,-0.018419250129394667,-0.5702015373109751,960,0.04034227760014092,0.8430578042038388,438,False
ETH,taker_ratio_zscore,Taker buy/sell z-score (20d),7d,-0.025607028945236157,-0.9556992484868246,0.3393901417403571,1394,0.4734576757532281,-0.05105498703883141,-1.5822958256055495,960,0.012685160277429849,0.2636773206780715,434,False
ETH,taker_ratio_zscore,Taker buy/sell z-score (20d),14d,-0.034880852383434004,-1.2989018464440147,0.19419381626544985,1387,0.4794520547945205,-0.03919638584677283,-1.2141229008485779,960,-0.03894995528556663,-0.8035836881540653,427,True
ETH,taker_ratio_raw,Taker buy/sell ratio (raw),1d,-0.029218419722396465,-1.108078603061939,0.26801329907826593,1439,0.4996525364836692,-0.044438474546690976,-1.4045459864969312,999,-0.00323992094249172,-0.06780687783531822,440,True
ETH,taker_ratio_raw,Taker buy/sell ratio (raw),3d,-0.015253021881057078,-0.577872955608045,0.5634405586657372,1437,0.5128740431454419,-0.03909363471688121,-1.2353378623766134,999,0.020565261020016434,0.42950609207181273,438,False
ETH,taker_ratio_raw,Taker buy/sell ratio (raw),7d,-0.029208448689966183,-1.1053851935978694,0.2691785257201012,1433,0.5003489183531054,-0.047871574981795416,-1.513294661377526,999,-0.01362700372017884,-0.2832582546536982,434,True
ETH,taker_ratio_raw,Taker buy/sell ratio (raw),14d,-0.018723130026331542,-0.7066584940079245,0.4798943383021183,1426,0.4761570827489481,-0.016293331407559862,-0.514535240162702,999,-0.055123602038152,-1.1381326553966564,427,True
ETH,taker_ratio_range,Taker ratio intraday range,1d,-0.029994598770652494,-1.1375405607219926,0.25550201181700716,1439,0.4996525364836692,-0.04720321122725932,-1.492119131328153,999,0.01163182191493288,0.24345246799265866,440,False
ETH,taker_ratio_range,Taker ratio intraday range,3d,-0.02690700099633647,-1.019643873191015,0.30806925887527564,1437,0.5128740431454419,-0.04273079492317968,-1.3504714501353228,999,0.0020294134637348646,0.04237548445159135,438,False
ETH,taker_ratio_range,Taker ratio intraday range,7d,-0.035464266612541824,-1.3424066075933563,0.17967711140738649,1433,0.5003489183531054,-0.02878676271461842,-0.90932771260361,999,-0.05731115881167131,-1.193151172130855,434,True
ETH,taker_ratio_range,Taker ratio intraday range,14d,-0.04369381709265296,-1.6504027697474672,0.09908110634312695,1426,0.4761570827489481,-0.02231236045664903,-0.7046950620580271,999,-0.1048216678653197,-2.1729246087455003,427,True
ETH,ls_ratio_range,L/S ratio intraday range,1d,-0.022605480774071072,-0.8890567531251475,0.3741108894517335,1548,0.5,-0.008344488851261706,-0.277518808881318,1108,-0.04361658517206841,-0.9136970270528516,440,True
ETH,ls_ratio_range,L/S ratio intraday range,3d,-0.033334792826726106,-1.3105778942713426,0.1901953219663544,1546,0.5129366106080206,-0.0044555730996756835,-0.14817858648335952,1108,-0.09263289566332743,-1.9425841182290973,438,True
ETH,ls_ratio_range,L/S ratio intraday range,7d,-0.06003019798759907,-2.3600112142033653,0.018398508854927016,1542,0.49351491569390404,-0.021701945151277435,-0.7219024569299752,1108,-0.12694518525477735,-2.6600264498161708,434,True
ETH,ls_ratio_range,L/S ratio intraday range,14d,-0.10339047085285112,-4.069914642889416,4.94263138722074e-05,1535,0.4677524429967427,-0.056599799899813175,-1.885337974701923,1108,-0.17751861251776013,-3.7187024521594436,427,True
ETH,oi_dispersion,Cross-token OI z-score dispersion,1d,-0.0028356180332787637,-0.11149469926340821,0.9112385416650776,1548,0.5,0.026929867108517015,0.8959201615318174,1108,-0.07132573468401648,-1.4965486340550238,440,False
ETH,oi_dispersion,Cross-token OI z-score dispersion,3d,-0.041409311068267736,-1.6285245947514453,0.10361770485486095,1546,0.5116429495472187,-0.008488118267360093,-0.2822959393829048,1108,-0.13070955066782275,-2.75291360445176,438,True
ETH,oi_dispersion,Cross-token OI z-score dispersion,7d,-0.02419568275803344,-0.9497852133015872,0.3423704265714712,1542,0.49221789883268485,0.007731878206172074,0.25714349932703295,1108,-0.0971251828987008,-2.0282984614203667,434,False
ETH,oi_dispersion,Cross-token OI z-score dispersion,14d,0.0023353724375607832,0.09143835661006296,0.927156231461037,1535,0.46514657980456026,0.0332951353719818,1.107896534915362,1108,-0.0701261344688323,-1.449255172246263,427,False
ETH,toptrader_ls_dispersion,Cross-token top trader L/S dispersion,1d,-0.0012379093270023173,-0.04268547270298188,0.9659594269547842,1191,0.5046179680940386,0.00953256650706859,0.26089784137269295,751,-0.04389593484940051,-0.9195602132481375,440,False
ETH,toptrader_ls_dispersion,Cross-token top trader L/S dispersion,3d,-0.006276745731552044,-0.2162561418481262,0.8288252512459096,1189,0.5147182506307821,0.003960733206788113,0.10839765943889973,751,-0.06592769672746814,-1.3796122029808435,438,False
ETH,toptrader_ls_dispersion,Cross-token top trader L/S dispersion,7d,-0.006067364779768989,-0.2086894394387365,0.8347266104318093,1185,0.509704641350211,0.024540697509703377,0.6718288144327221,751,-0.09387453121599607,-1.9597998973703694,434,False
ETH,toptrader_ls_dispersion,Cross-token top trader L/S dispersion,14d,0.07642205563974823,2.628417232128403,0.008690082451959987,1178,0.48896434634974534,0.11552945009490893,3.183108237483801,751,-0.06334436833965336,-1.308505440891884,427,False
ETH,taker_dispersion,Cross-token taker ratio dispersion,1d,0.0033360148215819067,0.12473374846648656,0.9007522712597303,1400,0.4992857142857143,0.001563274808240894,0.04838587672303088,960,0.007862784790868096,0.16456098164867614,440,True
ETH,taker_dispersion,Cross-token taker ratio dispersion,3d,0.0366322219437441,1.3696120262112972,0.17102830877914807,1398,0.5135908440629471,0.03407388951159886,1.0552533177860466,960,0.0478902590081687,1.0011266551062004,438,True
ETH,taker_dispersion,Cross-token taker ratio dispersion,7d,0.0107634616696332,0.4016028116038306,0.6880380069451959,1394,0.505738880918221,-0.013198093747931582,-0.4085373726125185,960,0.07006523983354795,1.4598664141648383,434,False
ETH,taker_dispersion,Cross-token taker ratio dispersion,14d,-0.03732769968856811,-1.390141116656064,0.16470939439534904,1387,0.4859408795962509,-0.05468524000134548,-1.695130833089806,960,0.023040803423266736,0.47512446451907564,427,False
PANEL,oi_roc_5d,OI rate of change (5d),1d,-0.025103768276458077,-4.889690117921891,1.014075312439259e-06,37917,0.49059788485375955,-0.02146654735289905,-3.464504079428868,26037,-0.038067854607667886,-4.151881713975464,11880,True
PANEL,oi_roc_5d,OI rate of change (5d),3d,-0.016561115403098202,-3.222887818899117,0.0012701262815123541,37863,0.49296146633917015,-0.008106035497231018,-1.3079813782581384,26037,-0.04084219381465388,-4.44481607682292,11826,True
PANEL,oi_roc_5d,OI rate of change (5d),7d,-0.02046552717866601,-3.9773118012526587,6.982862923591311e-05,37755,0.4869818567077208,-0.0013194776935135126,-0.21290272577007188,26037,-0.07560050277083434,-8.206519705350935,11718,True
PANEL,oi_roc_5d,OI rate of change (5d),14d,-0.0008734756673402502,-0.1692921781818629,0.8655677396659086,37566,0.4984560506841293,0.010980554327802095,1.7718593293201255,26037,-0.040563925011171405,-4.358687299896245,11529,False
PANEL,oi_roc_10d,OI rate of change (10d),1d,-0.019245201562247887,-3.7413977625491883,0.00018327018158955792,37782,0.491106876290297,-0.010430826474446308,-1.678773982842274,25902,-0.04635250240953486,-5.057220622239113,11880,True
PANEL,oi_roc_10d,OI rate of change (10d),3d,-0.009169821482195221,-1.7811460038720464,0.07489664537911865,37728,0.4976940203562341,0.011301373675941376,1.8189001259989832,25902,-0.06601928911653131,-7.194515773262014,11826,False
PANEL,oi_roc_10d,OI rate of change (10d),7d,-0.00595455989529427,-1.1549288193920093,0.24812691268123327,37620,0.4943646996278575,0.01699080088853459,2.7348054031278823,25902,-0.0732299087785652,-7.947779070037923,11718,False
PANEL,oi_roc_10d,OI rate of change (10d),14d,0.001747643318029152,0.33810965774800533,0.7352824491925475,37431,0.4983836926611632,0.006023386637123333,0.9693899248856059,25902,-0.019498793957097933,-2.0938640112678124,11529,False
PANEL,oi_roc_20d,OI rate of change (20d),1d,-0.013871905381849299,-2.686899605543556,0.0072150407999837796,37512,0.4921091917253146,-0.017795161859601994,-2.8493448890765722,25632,-0.011231581589586143,-1.2241650361375631,11880,True
PANEL,oi_roc_20d,OI rate of change (20d),3d,-0.01134846924165903,-2.1964734131286323,0.028064181719673884,37458,0.49271183725772866,-0.013332988282244605,-2.1347174780995046,25632,-0.016646820238744402,-1.8103964268609478,11826,True
PANEL,oi_roc_20d,OI rate of change (20d),7d,-0.007313887973003663,-1.4134927822386028,0.15751921658749024,37350,0.4897991967871486,-0.0157506935384821,-2.521900002684259,25632,-0.0018142333167127178,-0.19637379554973475,11718,True
PANEL,oi_roc_20d,OI rate of change (20d),14d,0.01901096498871667,3.6653433718527,0.00024735068195671074,37161,0.5063372890934044,0.004796457079039641,0.7678915019425714,25632,0.028271956857053027,3.036600449451698,11529,True
PANEL,oi_zscore_20d,OI z-score (20d rolling),1d,-0.019813860246318017,-3.8395837236699166,0.00012344528192395233,37539,0.4943658595061136,-0.01036208683645046,-1.6598677290248236,25659,-0.046524121542404026,-5.075985413054961,11880,True
PANEL,oi_zscore_20d,OI z-score (20d rolling),3d,-0.01020810071013937,-1.9764450598269077,0.048111711244392855,37485,0.4992930505535548,0.004808218920493164,0.770179917995445,25659,-0.05327244780304794,-5.800988346004532,11826,False
PANEL,oi_zscore_20d,OI z-score (20d rolling),7d,-0.008530466010082964,-1.6492221524848878,0.09911053522431568,37377,0.4965353024587313,0.00218251377039567,0.3495915799866832,25659,-0.05115292557807828,-5.54407498579421,11718,False
PANEL,oi_zscore_20d,OI z-score (20d rolling),14d,0.006842576035286441,1.3195307998342305,0.18699984415403575,37188,0.5067225986877487,0.007485854186179454,1.1991029442995176,25659,-0.016894627824098497,-1.8141315005093441,11529,False
PANEL,toptrader_ls_raw,Top trader L/S ratio (raw),1d,-0.031451807370417646,-5.635999290643967,1.7550488848855602e-08,32081,0.48832642373990837,-0.017440595331843202,-2.4790900408670558,20201,-0.02024379329759247,-2.206747088672898,11880,True
PANEL,toptrader_ls_raw,Top trader L/S ratio (raw),3d,-0.05307483257752103,-9.511428674973724,2.007265670823694e-21,32027,0.4879632809816717,-0.0183831715171724,-2.613116481783783,20201,-0.046565351691110854,-5.068931897759465,11826,True
PANEL,toptrader_ls_raw,Top trader L/S ratio (raw),7d,-0.09566947327121975,-17.170424733747716,8.738961132011016e-66,31919,0.4749835521162944,-0.03648443608280251,-5.188738847296175,20201,-0.08904823981958927,-9.677067546949853,11718,True
PANEL,toptrader_ls_raw,Top trader L/S ratio (raw),14d,-0.13423071847165663,-24.128008343669386,1.7938091456034077e-127,31730,0.4624015127639458,-0.06102094319547561,-8.688682341946622,20201,-0.10690434367459764,-11.543817805648182,11529,True
PANEL,toptrader_ls_zscore,Top trader L/S z-score (20d),1d,-0.007718850042076818,-1.3548249861560422,0.17548325909892465,30808,0.49613736691768373,-0.008989657103898261,-1.2367732793606614,18928,-0.013687339245942126,-1.4918713606002059,11880,True
PANEL,toptrader_ls_zscore,Top trader L/S z-score (20d),3d,-0.009643965515718878,-1.6912683775373614,0.09079568940904532,30754,0.4945372959615009,-0.015291372245277334,-2.103907584220578,18928,-0.01660212710639217,-1.8055345599071964,11826,True
PANEL,toptrader_ls_zscore,Top trader L/S z-score (20d),7d,-0.028617966492684336,-5.011750144085804,5.423726660575017e-07,30646,0.48854662925014686,-0.03605560897729883,-4.963462323712759,18928,-0.04379983044646536,-4.745468464041994,11718,True
PANEL,toptrader_ls_zscore,Top trader L/S z-score (20d),14d,-0.011741717554551266,-2.0492307819865436,0.040448101980330595,30457,0.4961092688052008,-0.0150462211444691,-2.070170062444175,18928,-0.03707764547352165,-3.9835385382407384,11529,True
PANEL,toptrader_ls_roc_5d,Top trader L/S rate of change (5d),1d,-0.004394114268861812,-0.782443731602797,0.4339596848966596,31709,0.49774511968210916,-0.010047926156303713,-1.4149036354914601,19829,0.0017762964023628502,0.19359216728231718,11880,False
PANEL,toptrader_ls_roc_5d,Top trader L/S rate of change (5d),3d,-0.002766198451803944,-0.49214427155298046,0.6226207703894276,31655,0.4993523929868899,-0.023138667063887407,-3.258990779866421,19829,0.02220724650170317,2.4153720638473937,11826,False
PANEL,toptrader_ls_roc_5d,Top trader L/S rate of change (5d),7d,-0.028403050725600527,-5.046676955970843,4.520559878359475e-07,31547,0.4912352997115415,-0.033484958670911086,-4.717608332453404,19829,-0.03054611380102551,-3.307869395644577,11718,True
PANEL,toptrader_ls_roc_5d,Top trader L/S rate of change (5d),14d,-0.017541229842434346,-3.106613265447765,0.0018941270300878031,31358,0.4908157407997959,-0.023050807047027486,-3.2466094488087323,19829,-0.02188439346976194,-2.3501559598540904,11529,True
PANEL,ls_divergence_sum,Top trader - general L/S (sum-based),1d,-0.0041731690896107355,-0.7474466064106371,0.4547995000207586,32081,0.49633739596645987,0.023123131513348615,3.2872120405416334,20201,-0.016141461352600247,-1.7594263645703954,11880,False
PANEL,ls_divergence_sum,Top trader - general L/S (sum-based),3d,-0.0038128431213048718,-0.6823334508602142,0.49503306094643207,32027,0.49595653667218287,0.04676802574207247,6.6541018914434265,20201,-0.021974359244274076,-2.390029769933574,11826,False
PANEL,ls_divergence_sum,Top trader - general L/S (sum-based),7d,-0.012985106107341396,-2.3200276003765734,0.02034565858622827,31919,0.5003289576741126,0.05693503011870883,8.104935007947962,20201,-0.017526879042655565,-1.897409134526901,11718,False
PANEL,ls_divergence_sum,Top trader - general L/S (sum-based),14d,-0.0028765223963682163,-0.5123785082601449,0.6083896960223631,31730,0.5127639457926253,0.0902696273550904,12.881999564245584,20201,-0.005791889188715791,-0.6218500526021001,11529,False
PANEL,ls_divergence_count,Top trader - general L/S (count-based),1d,-0.026283746894488123,-4.709206686592151,2.497221765481799e-06,32081,0.48564570929833856,0.013613129694731598,1.9349206591466535,20201,-0.043832360131647694,-4.781719728301701,11880,False
PANEL,ls_divergence_count,Top trader - general L/S (count-based),3d,-0.0455342788114827,-8.157061294697263,3.5569496453399857e-16,32027,0.4826240359696506,0.02943195843485113,4.184776606606127,20201,-0.07895412115064622,-8.612215595994133,11826,False
PANEL,ls_divergence_count,Top trader - general L/S (count-based),7d,-0.09570969776660435,-17.177710815456717,7.716708324053017e-66,31919,0.46395563770794823,0.013008966746747808,1.8490322661286214,20201,-0.13559979960158053,-14.814215096755305,11718,False
PANEL,ls_divergence_count,Top trader - general L/S (count-based),14d,-0.11905095904473714,-21.357672430804566,1.6906780842422215e-100,31730,0.452410967538607,0.030015662909913237,4.267844612006937,20201,-0.15328553488171576,-16.654147554654745,11529,False
PANEL,ls_divergence_ratio,Top trader / general L/S ratio,1d,-0.029076253975716504,-5.209937634075357,1.900704997829102e-07,32081,0.48832642373990837,0.00802744712551445,1.1409231220406102,20201,-0.04550686586657719,-4.9647654667901975,11880,False
PANEL,ls_divergence_ratio,Top trader / general L/S ratio,3d,-0.05013442077191118,-8.98311684973057,2.7725155744640067e-19,32027,0.4879632809816717,0.016044136981762405,2.2805374049329767,20201,-0.07025661072470354,-7.6585031699604835,11826,False
PANEL,ls_divergence_ratio,Top trader / general L/S ratio,7d,-0.10164258196521758,-18.253316494262872,4.641833821387063e-74,31919,0.4749835521162944,-0.007737124223634057,-1.0996576601190504,20201,-0.11248816903849639,-12.253545091135464,11718,True
PANEL,ls_divergence_ratio,Top trader / general L/S ratio,14d,-0.12152650737175223,-21.808372823048643,1.1368568128669908e-104,31730,0.4624015127639458,0.009188774881479338,1.3059930976337564,20201,-0.12344902444019176,-13.356126827672432,11529,False
PANEL,ls_divergence_zscore,L/S divergence z-score (20d),1d,-0.004998369663251571,-0.8773067134551122,0.3803269082847435,30808,0.49516359387172165,0.01403002353317605,1.9303255770838759,18928,-0.03759133538459729,-4.0998359929226735,11880,False
PANEL,ls_divergence_zscore,L/S divergence z-score (20d),3d,-0.00602243652259317,-1.0561285676173076,0.29091777705221766,30754,0.49697600312154516,0.024755411312607004,3.406690501756348,18928,-0.05645910713519736,-6.149070992309225,11826,False
PANEL,ls_divergence_zscore,L/S divergence z-score (20d),7d,-0.037551265553109295,-6.57814920514015,4.840036377104379e-11,30646,0.4874698166155453,-0.007015311581390632,-0.9651327874567355,18928,-0.0934466050715979,-10.159158239193111,11718,True
PANEL,ls_divergence_zscore,L/S divergence z-score (20d),14d,-0.01775410074831785,-3.0988206352282455,0.0019446951453908233,30457,0.49561677118560593,0.01759385766125584,2.420793357294171,18928,-0.08278019241630205,-8.918210407452582,11529,False
PANEL,oi_price_div_5d,OI-price divergence (5d),1d,-0.022006877205188062,-4.286167518397956,1.82230089003475e-05,37917,0.497639581190495,-0.015808265766674046,-2.551040137576291,26037,-0.04166428877422507,-4.544780463457965,11880,True
PANEL,oi_price_div_5d,OI-price divergence (5d),3d,-0.01943349905402677,-3.7820656861606836,0.0001557712902597296,37863,0.49694952856350527,-0.015931474643719187,-2.570927852188328,26037,-0.03461432815316951,-3.7661572421788354,11826,True
PANEL,oi_price_div_5d,OI-price divergence (5d),7d,-0.02105261784547415,-4.09145807042265,4.295587311855844e-05,37755,0.49664945040392,-0.012490987745995606,-2.015623700415041,26037,-0.05385137011390249,-5.837368015568774,11718,True
PANEL,oi_price_div_5d,OI-price divergence (5d),14d,-0.0043036364737422195,-0.8341142051068999,0.40422193525003125,37566,0.5102220092636959,-0.003855499940391669,-0.6221036073210391,26037,-0.02242541930910664,-2.408285381507908,11529,True
PANEL,oi_price_div_10d,OI-price divergence (10d),1d,-0.019369713842084368,-3.765612850523183,0.0001663927308021128,37782,0.4957122439256789,-0.009058149266283079,-1.4578309720999298,25902,-0.049150103322048735,-5.363166747361441,11880,True
PANEL,oi_price_div_10d,OI-price divergence (10d),3d,-0.01851580858098109,-3.59697584195905,0.00032234958023827744,37728,0.49647476675148433,0.001758177099948847,0.28295226346396124,25902,-0.07381665246025958,-8.04864931699733,11826,False
PANEL,oi_price_div_10d,OI-price divergence (10d),7d,-0.02083771695259997,-4.042428002507522,5.300577008963377e-05,37620,0.49859117490696436,-0.00386010840252507,-0.6212302839156606,25902,-0.0749885900607985,-8.139718717734155,11718,True
PANEL,oi_price_div_10d,OI-price divergence (10d),14d,-0.009029818591296142,-1.7470319354714297,0.08064000021436887,37431,0.5042077422457322,-0.014589738887980251,-2.3482462011680405,25902,-0.0105642291190588,-1.1342797894294827,11529,True
PANEL,oi_price_div_20d,OI-price divergence (20d),1d,-0.012507461266809487,-2.422571876067669,0.015415781253271338,37512,0.5003198976327575,-0.0184390523016997,-2.952478485296079,25632,-0.006175375273413732,-0.6730437506794482,11880,True
PANEL,oi_price_div_20d,OI-price divergence (20d),3d,-0.018246259449444743,-3.531887405858076,0.00041310078013663326,37458,0.49861177852528166,-0.023633647297461657,-3.784655679281754,25632,-0.017272860932107125,-1.8785003610599864,11826,True
PANEL,oi_price_div_20d,OI-price divergence (20d),7d,-0.015701202792143508,-3.034730554867941,0.002409162370755082,37350,0.49866131191432395,-0.033221727236471765,-5.321527433669556,25632,0.00789928167859557,0.8550486627815439,11718,False
PANEL,oi_price_div_20d,OI-price divergence (20d),14d,0.010013758053710397,1.9304158672667249,0.053562930403122135,37161,0.5146793681547859,-0.007897489927976094,-1.2643779918342348,25632,0.02666040740563747,2.8633822371303426,11529,False
PANEL,taker_ratio_zscore,Taker buy/sell z-score (20d),1d,-0.029725877886337217,-5.558412961719606,2.7422325577812263e-08,34936,0.4884073734829402,-0.0456727525296988,-6.941986623050004,23056,0.0011858492271216447,0.12924133657194486,11880,False
PANEL,taker_ratio_zscore,Taker buy/sell z-score (20d),3d,-0.03922110853379998,-7.3306485055372805,2.340054564712361e-13,34882,0.4877873975116106,-0.054727965124448705,-8.322116854565435,23056,-0.009309726157860727,-1.0123669025466382,11826,True
PANEL,taker_ratio_zscore,Taker buy/sell z-score (20d),7d,-0.04285875509039525,-7.99933023691841,1.2894832200641758e-15,34774,0.4877782251107149,-0.0791295689691185,-12.052465141734585,23056,0.028433533216932972,3.0789039310193944,11718,False
PANEL,taker_ratio_zscore,Taker buy/sell z-score (20d),14d,-0.052482459451882756,-9.773372432894739,1.5667662681193048e-22,34585,0.48474772300130115,-0.08999257863799427,-13.71973121300053,23056,0.016175856885479768,1.7369298079512796,11529,False
PANEL,taker_ratio_raw,Taker buy/sell ratio (raw),1d,-0.015236396217609265,-2.8827531527068397,0.003944508766483325,35791,0.48752479673660976,-0.018997889115441043,-2.9380855780714747,23911,0.007965553064265359,0.868163202311132,11880,False
PANEL,taker_ratio_raw,Taker buy/sell ratio (raw),3d,-0.018105485686594636,-3.423168420650458,0.0006196509508390066,35737,0.48633069367882026,-0.014506202058975475,-2.2432626610749566,23911,0.00591740524369694,0.64345936560264,11826,False
PANEL,taker_ratio_raw,Taker buy/sell ratio (raw),7d,-0.013217577467347382,-2.4950510229566913,0.012598392126599633,35629,0.47377136602206066,-0.012503537839520261,-1.9335151079527266,23911,0.04096448091568066,4.437739815304502,11718,False
PANEL,taker_ratio_raw,Taker buy/sell ratio (raw),14d,-0.002760128304765893,-0.5195956744068663,0.6033486588301095,35440,0.4608916478555305,0.013404537442814331,2.0728675794548623,23911,0.03294303556203848,3.5388124563276833,11529,True
PANEL,taker_ratio_range,Taker ratio intraday range,1d,-0.01907909160115912,-3.610036005819901,0.0003065723591564632,35791,0.48752479673660976,-0.01656317302000655,-2.561437861112331,23911,-0.008578669458448386,-0.9349913137400414,11880,True
PANEL,taker_ratio_range,Taker ratio intraday range,3d,-0.020971610908123283,-3.9652831903254953,7.345154445903459e-05,35737,0.48633069367882026,-0.0221193406471077,-3.421047872958036,23911,0.0140007561483764,1.5225665057113442,11826,False
PANEL,taker_ratio_range,Taker ratio intraday range,7d,-0.018353569442959523,-3.4648411240868513,0.0005311688005165039,35629,0.47377136602206066,-0.01459094174455619,-2.2563697261006284,23911,0.03238583378984093,3.5072977521540722,11718,False
PANEL,taker_ratio_range,Taker ratio intraday range,14d,-0.017010188760319202,-3.202628578631352,0.0013629977529961666,35440,0.4608916478555305,-0.0008202905836390922,-0.1268377642868323,23911,0.02291198390285077,2.4605651318487003,11529,False
PANEL,ls_ratio_range,L/S ratio intraday range,1d,-0.020467679253270733,-3.976360273610362,7.010845908013616e-05,37729,0.4867343422831244,-0.03074040252569569,-4.944471939638183,25849,-0.021917440706025998,-2.389273343335798,11880,True
PANEL,ls_ratio_range,L/S ratio intraday range,3d,-0.024386597369359,-4.734732941152,2.2014055564652367e-06,37675,0.4842468480424685,-0.046626878304732784,-7.504366186049276,25849,-0.021871328498803293,-2.3788183087249006,11826,True
PANEL,ls_ratio_range,L/S ratio intraday range,7d,-0.045190701604194514,-8.767680026356507,1.8988360473329058e-18,37567,0.4698006228871084,-0.07398332684982947,-11.926987256948998,25849,-0.05833766348751044,-6.325268804001282,11718,True
PANEL,ls_ratio_range,L/S ratio intraday range,14d,-0.057384665004357,-11.112416406724762,1.2105841520742374e-28,37378,0.45556209535020603,-0.11330879490938488,-18.334736452633773,25849,-0.03850355151662141,-4.136957901337392,11529,True
PANEL,oi_dispersion,Cross-token OI z-score dispersion,1d,-0.003448823578570192,-0.6658234465145727,0.5055280770962105,37273,0.4861427843210903,0.017801275717188463,2.8370033675139115,25393,-0.061428095072838536,-6.707483976011483,11880,False
PANEL,oi_dispersion,Cross-token OI z-score dispersion,3d,-0.022057689199814386,-4.256340575404976,2.083082960148531e-05,37219,0.4834358795238991,0.0022211998968279037,0.3539391623374034,25393,-0.10386215223083312,-11.355197620113792,11826,False
PANEL,oi_dispersion,Cross-token OI z-score dispersion,7d,0.003937315460428055,0.7584783767980048,0.448169470045072,37111,0.4670852307941042,0.008548630588103588,1.3622359037207363,25393,-0.04921622770354778,-5.333651367476784,11718,False
PANEL,oi_dispersion,Cross-token OI z-score dispersion,14d,0.022188915684876135,4.264556419177663,2.0079717991136413e-05,36922,0.4503006337684849,0.028951512417550222,4.615228903436586,25393,-0.05251362990837988,-5.645856503420958,11529,False
PANEL,toptrader_ls_dispersion,Cross-token top trader L/S dispersion,1d,0.003175912327871963,0.5543700964293464,0.5793296558005323,30471,0.4885957139575334,-0.0006065033408003534,-0.08269158016774762,18591,-0.01901252010196208,-2.0724776436477805,11880,True
PANEL,toptrader_ls_dispersion,Cross-token top trader L/S dispersion,3d,-0.0072399841569923025,-1.2626788580825001,0.20671429556898516,30417,0.49071243054870634,-0.012338348805403488,-1.6823568360490744,18591,-0.04284921050435754,-4.663630089646234,11826,True
PANEL,toptrader_ls_dispersion,Cross-token top trader L/S dispersion,7d,-0.01962206912589095,-3.4166453349152675,0.0006348101877500201,30309,0.47642614404962225,-0.02261745151939764,-3.0844859168800167,18591,-0.07850252241251245,-8.52345426345543,11718,True
PANEL,toptrader_ls_dispersion,Cross-token top trader L/S dispersion,14d,0.046730274059699775,8.118692629052157,4.890413345051353e-16,30120,0.4614209827357238,0.043828378686946945,5.981373801893548,18591,-0.04605886321205845,-4.950311307242132,11529,False
PANEL,taker_dispersion,Cross-token taker ratio dispersion,1d,-0.03221741175667125,-6.000141712089196,1.99098603791293e-09,34651,0.4866814810539378,-0.03609668766641995,-5.450325645267528,22771,-0.02203629067345821,-2.4022357439429842,11880,True
PANEL,taker_dispersion,Cross-token taker ratio dispersion,3d,-0.019643233946189897,-3.65429379399977,0.0002582719823736906,34597,0.48660288464317714,-0.03361383096292954,-5.074993395956107,22771,0.018005265178974293,1.958177881878944,11826,False
PANEL,taker_dispersion,Cross-token taker ratio dispersion,7d,-0.04966557782076315,-9.234629868332949,2.735227422969023e-20,34489,0.4730493780625707,-0.09033386354685723,-13.68679616993862,22771,0.05566437511529219,6.034494555265592,11718,False
PANEL,taker_dispersion,Cross-token taker ratio dispersion,14d,-0.0766205462590715,-14.23174674091885,7.863642858797176e-46,34300,0.46005830903790085,-0.11011822518563281,-16.71784941980047,22771,0.022696230460452597,2.4373829270378815,11529,False
