signal,description,horizon,period,IC,t_stat,p_value,n_obs
liq_volume_zscore,Funding rate 20d z-score (liq volume proxy),1d,IS,-0.026804298419677332,-1.0611001922334864,0.28880798779685785,1568
liq_volume_zscore,Funding rate 20d z-score (liq volume proxy),1d,OOS,-0.0500319624648079,-1.304387501688843,0.192544105284961,680
liq_volume_zscore,Funding rate 20d z-score (liq volume proxy),3d,IS,-0.014028788804602819,-0.5552119389528813,0.5788290009254197,1568
liq_volume_zscore,Funding rate 20d z-score (liq volume proxy),3d,OOS,-0.07863562537007276,-2.0508769542908327,0.04066390229975972,678
liq_volume_zscore,Funding rate 20d z-score (liq volume proxy),7d,IS,-0.0036701345304645913,-0.14523817651094678,0.8845415154053824,1568
liq_volume_zscore,Funding rate 20d z-score (liq volume proxy),7d,OOS,-0.07309352447495578,-1.899882729267684,0.057876328922493205,674
liq_volume_zscore,Funding rate 20d z-score (liq volume proxy),14d,IS,0.05062981039078743,2.0061320896596397,0.045013852286429984,1568
liq_volume_zscore,Funding rate 20d z-score (liq volume proxy),14d,OOS,-0.03947969371844261,-1.0188806564442876,0.3086301562538847,667
liq_net_direction,LS proxy 30d deviation (liq direction proxy),1d,IS,-0.02183951668365743,-0.8658341513051434,0.3867133218058547,1573
liq_net_direction,LS proxy 30d deviation (liq direction proxy),1d,OOS,-0.05077761337515614,-1.3238773121972898,0.18598996379439123,680
liq_net_direction,LS proxy 30d deviation (liq direction proxy),3d,IS,-0.0008230466491998703,-0.03262215829612396,0.973980043401687,1573
liq_net_direction,LS proxy 30d deviation (liq direction proxy),3d,OOS,-0.06671833238523224,-1.7385503935359978,0.08256916797466983,678
liq_net_direction,LS proxy 30d deviation (liq direction proxy),7d,IS,0.013077013280548002,0.5183627610517644,0.6042781886149124,1573
liq_net_direction,LS proxy 30d deviation (liq direction proxy),7d,OOS,-0.04626569841696759,-1.2006296498499753,0.23031793729820488,674
liq_net_direction,LS proxy 30d deviation (liq direction proxy),14d,IS,0.08136390650125848,3.235654912484547,0.0012388992792614097,1573
liq_net_direction,LS proxy 30d deviation (liq direction proxy),14d,OOS,-0.017118443529489505,-0.44150816498127093,0.6589886725815451,667
liq_cluster,Extreme funding cluster flag (|z30|>2),1d,IS,0.03888227221994421,1.5491547683612428,0.12154415409453798,1587
liq_cluster,Extreme funding cluster flag (|z30|>2),1d,OOS,0.07501803568617,1.9588718599412107,0.0505372994919527,680
liq_cluster,Extreme funding cluster flag (|z30|>2),3d,IS,0.04694032529282401,1.8708532255130594,0.06154956146707788,1587
liq_cluster,Extreme funding cluster flag (|z30|>2),3d,OOS,0.008543727938827494,0.22214503432775598,0.8242680762801804,678
liq_cluster,Extreme funding cluster flag (|z30|>2),7d,IS,0.03845987427660777,1.5323004432524157,0.12564787193905583,1587
liq_cluster,Extreme funding cluster flag (|z30|>2),7d,OOS,0.04448464723728381,1.1543165499983534,0.2487807474628967,674
liq_cluster,Extreme funding cluster flag (|z30|>2),14d,IS,0.02404960597893764,0.9577413305038139,0.33833927071663866,1587
liq_cluster,Extreme funding cluster flag (|z30|>2),14d,OOS,0.01681812131857721,0.43376023170784467,0.6646032413083552,667
fr_zscore_7d,Funding rate z-score (7d),1d,IS,-0.04131393980853761,-1.644119953254955,0.10035024131973057,1583
fr_zscore_7d,Funding rate z-score (7d),1d,OOS,-0.04355413449270894,-1.1351586064532668,0.25671000441975184,680
fr_zscore_7d,Funding rate z-score (7d),3d,IS,-0.0460866569379617,-1.8344371968916102,0.06677694836037738,1583
fr_zscore_7d,Funding rate z-score (7d),3d,OOS,-0.0630652185300686,-1.6429661572721843,0.1008549541787561,678
fr_zscore_7d,Funding rate z-score (7d),7d,IS,-0.06325312371409493,-2.520103933806024,0.011829815436392879,1583
fr_zscore_7d,Funding rate z-score (7d),7d,OOS,-0.061825614133584554,-1.6057749956433134,0.10879314015507145,674
fr_zscore_7d,Funding rate z-score (7d),14d,IS,0.01706178402128607,0.6785058505262839,0.4975503147825319,1583
fr_zscore_7d,Funding rate z-score (7d),14d,OOS,-0.06462483275274485,-1.6700098813769686,0.09538799510253716,667
fr_zscore_14d,Funding rate z-score (14d),1d,IS,-0.03797126870763927,-1.5099392890423042,0.13125898965888808,1581
fr_zscore_14d,Funding rate z-score (14d),1d,OOS,-0.04103110378156131,-1.0692861304547139,0.28532129369788745,680
fr_zscore_14d,Funding rate z-score (14d),3d,IS,-0.029698830133239703,-1.180652307359582,0.2379186902673719,1581
fr_zscore_14d,Funding rate z-score (14d),3d,OOS,-0.06371570588992953,-1.659981285575163,0.0973819843838801,678
fr_zscore_14d,Funding rate z-score (14d),7d,IS,-0.022405243657425727,-0.8905324933400167,0.37331569413452237,1581
fr_zscore_14d,Funding rate z-score (14d),7d,OOS,-0.08757364961229985,-2.278923977939575,0.02298440827695936,674
fr_zscore_14d,Funding rate z-score (14d),14d,IS,0.036874328212544126,1.4662588332388737,0.1427768991758813,1581
fr_zscore_14d,Funding rate z-score (14d),14d,OOS,-0.0605213461860402,-1.5635660666668478,0.11839523620821375,667
fr_zscore_30d,Funding rate z-score (30d),1d,IS,-0.02183901394424875,-0.8658142105406651,0.386724255407066,1573
fr_zscore_30d,Funding rate z-score (30d),1d,OOS,-0.05077761337515614,-1.3238773121972898,0.18598996379439123,680
fr_zscore_30d,Funding rate z-score (30d),3d,IS,-0.0008223405997637973,-0.03259417340356242,0.974002356688935,1573
fr_zscore_30d,Funding rate z-score (30d),3d,OOS,-0.06671833238523224,-1.7385503935359978,0.08256916797466983,678
fr_zscore_30d,Funding rate z-score (30d),7d,IS,0.013076686355259479,0.5183497997680584,0.6042872280403265,1573
fr_zscore_30d,Funding rate z-score (30d),7d,OOS,-0.04626569841696759,-1.2006296498499753,0.23031793729820488,674
fr_zscore_30d,Funding rate z-score (30d),14d,IS,0.08136296699075221,3.2356173013337868,0.0012390614223143721,1573
fr_zscore_30d,Funding rate z-score (30d),14d,OOS,-0.017118443529489505,-0.44150816498127093,0.6589886725815451,667
fr_zscore_60d,Funding rate z-score (60d),1d,IS,-0.01102237653759406,-0.434816907286689,0.6637556274086961,1558
fr_zscore_60d,Funding rate z-score (60d),1d,OOS,-0.05325984701524009,-1.3887740700782338,0.16535748777943324,680
fr_zscore_60d,Funding rate z-score (60d),3d,IS,0.0036809375566330643,0.1451998570116818,0.8845718842947394,1558
fr_zscore_60d,Funding rate z-score (60d),3d,OOS,-0.09799467616958583,-2.5601839018463792,0.010677902737685542,678
fr_zscore_60d,Funding rate z-score (60d),7d,IS,0.004100370887402431,0.16174526977785303,0.871527452886072,1558
fr_zscore_60d,Funding rate z-score (60d),7d,OOS,-0.08522609884632099,-2.2173806246269954,0.026930899463884682,674
fr_zscore_60d,Funding rate z-score (60d),14d,IS,0.027659465005743424,1.091477438957606,0.2752318302269553,1558
fr_zscore_60d,Funding rate z-score (60d),14d,OOS,-0.06980241065743226,-1.80443753774637,0.07161505119152704,667
ls_proxy_7d,LS ratio proxy (7d),1d,IS,-0.041318447895767864,-1.6442996628333404,0.10031312785666956,1583
ls_proxy_7d,LS ratio proxy (7d),1d,OOS,-0.04355413449270894,-1.1351586064532668,0.25671000441975184,680
ls_proxy_7d,LS ratio proxy (7d),3d,IS,-0.04608541577062052,-1.8343876882104209,0.06678429607264867,1583
ls_proxy_7d,LS ratio proxy (7d),3d,OOS,-0.0630652185300686,-1.6429661572721843,0.1008549541787561,678
ls_proxy_7d,LS ratio proxy (7d),7d,IS,-0.0632536162120958,-2.5201236345236406,0.01182915603618628,1583
ls_proxy_7d,LS ratio proxy (7d),7d,OOS,-0.061825614133584554,-1.6057749956433134,0.10879314015507145,674
ls_proxy_7d,LS ratio proxy (7d),14d,IS,0.017062248629052597,0.6785243322328496,0.49753860378342063,1583
ls_proxy_7d,LS ratio proxy (7d),14d,OOS,-0.06462483275274485,-1.6700098813769686,0.09538799510253716,667
ls_proxy_30d,LS ratio proxy (30d),1d,IS,-0.02183951668365743,-0.8658341513051434,0.3867133218058547,1573
ls_proxy_30d,LS ratio proxy (30d),1d,OOS,-0.05077761337515614,-1.3238773121972898,0.18598996379439123,680
ls_proxy_30d,LS ratio proxy (30d),3d,IS,-0.0008230466491998703,-0.03262215829612396,0.973980043401687,1573
ls_proxy_30d,LS ratio proxy (30d),3d,OOS,-0.06671833238523224,-1.7385503935359978,0.08256916797466983,678
ls_proxy_30d,LS ratio proxy (30d),7d,IS,0.013077013280548002,0.5183627610517644,0.6042781886149124,1573
ls_proxy_30d,LS ratio proxy (30d),7d,OOS,-0.04626569841696759,-1.2006296498499753,0.23031793729820488,674
ls_proxy_30d,LS ratio proxy (30d),14d,IS,0.08136390650125848,3.235654912484547,0.0012388992792614097,1573
ls_proxy_30d,LS ratio proxy (30d),14d,OOS,-0.017118443529489505,-0.44150816498127093,0.6589886725815451,667
cum_funding_7d,Cumulative funding (7d),1d,IS,-0.01825103891215252,-0.7253556528198333,0.4683413548863022,1581
cum_funding_7d,Cumulative funding (7d),1d,OOS,-0.02839648416703527,-0.7396982459831923,0.4597391473070787,680
cum_funding_7d,Cumulative funding (7d),3d,IS,-0.017027374644665437,-0.6767086434255087,0.4986899482180266,1581
cum_funding_7d,Cumulative funding (7d),3d,OOS,-0.05706593225778004,-1.4861360282754128,0.13770935636032572,678
cum_funding_7d,Cumulative funding (7d),7d,IS,-0.03184980991441837,-1.2662466166379212,0.20561157425108434,1581
cum_funding_7d,Cumulative funding (7d),7d,OOS,-0.057613247834984074,-1.49599095492362,0.13512548664215954,674
cum_funding_7d,Cumulative funding (7d),14d,IS,-0.10137514620865631,-4.04916719475274,5.389144093744238e-05,1581
cum_funding_7d,Cumulative funding (7d),14d,OOS,-0.04166613084459551,-1.0754031534632913,0.282584282659967,667
cum_funding_30d,Cumulative funding (30d),1d,IS,-0.01330136446672557,-0.5247342504381854,0.5998426926283618,1558
cum_funding_30d,Cumulative funding (30d),1d,OOS,-0.008474537460199575,-0.220671601202078,0.8254145791193512,680
cum_funding_30d,Cumulative funding (30d),3d,IS,-0.03102532515480936,-1.2244195586378244,0.22097933915140286,1558
cum_funding_30d,Cumulative funding (30d),3d,OOS,-0.028326696625621903,-0.7367897722858823,0.46150582465240264,678
cum_funding_30d,Cumulative funding (30d),7d,IS,-0.07410998772157551,-2.9314160443025363,0.0034234711157107157,1558
cum_funding_30d,Cumulative funding (30d),7d,OOS,-0.03634479369824452,-0.94278762539286,0.34612835218512006,674
cum_funding_30d,Cumulative funding (30d),14d,IS,-0.16655157201046192,-6.662883120305685,3.7150426089964147e-11,1558
cum_funding_30d,Cumulative funding (30d),14d,OOS,-0.05983664584603636,-1.545812938918103,0.12262548263087028,667
fr_pctrank_60d,Funding percentile rank (60d),1d,IS,-0.012796776945296087,-0.5048251218288432,0.6137531552716605,1558
fr_pctrank_60d,Funding percentile rank (60d),1d,OOS,-0.05261672916007512,-1.3719576463889307,0.17053039406355452,680
fr_pctrank_60d,Funding percentile rank (60d),3d,IS,-0.0020214429836145206,-0.07973833809599935,0.9364556206819453,1558
fr_pctrank_60d,Funding percentile rank (60d),3d,OOS,-0.09795306327491804,-2.5590861995052294,0.010711347595344672,678
fr_pctrank_60d,Funding percentile rank (60d),7d,IS,0.007940959494389086,0.313250281952109,0.7541325023191039,1558
fr_pctrank_60d,Funding percentile rank (60d),7d,OOS,-0.07946503712571298,-2.066504202681717,0.03916345160551247,674
fr_pctrank_60d,Funding percentile rank (60d),14d,IS,0.025244422069787907,0.9961131121551222,0.3193500673988816,1558
fr_pctrank_60d,Funding percentile rank (60d),14d,OOS,-0.055004934885461695,-1.420595588612754,0.15590305135828741,667
extreme_long,Extreme long flag,1d,IS,0.03957134980439788,1.576651808975556,0.11507521858245667,1587
extreme_long,Extreme long flag,1d,OOS,0.018596179412112883,0.484299121034513,0.6283300017036155,680
extreme_long,Extreme long flag,3d,IS,0.07059043459172265,2.8173787887285044,0.004901798000587054,1587
extreme_long,Extreme long flag,3d,OOS,-0.06253130029889464,-1.6290017587992947,0.10377853238355784,678
extreme_long,Extreme long flag,7d,IS,0.05650626970090579,2.253231026171055,0.024380801584536618,1587
extreme_long,Extreme long flag,7d,OOS,-0.021114187949944834,-0.5474643544977689,0.584241525539459,674
extreme_long,Extreme long flag,14d,IS,0.07343466613058144,2.9315001846616062,0.0034216444985028806,1587
extreme_long,Extreme long flag,14d,OOS,-0.015824554295796996,-0.4081282843205099,0.6833108673634847,667
extreme_short,Extreme short flag,1d,IS,0.01668975699426724,0.6645461418274073,0.5064374944692571,1587
extreme_short,Extreme short flag,1d,OOS,0.047595340270188094,1.2407141869229847,0.21514049871629035,680
extreme_short,Extreme short flag,3d,IS,0.016037751242228216,0.6385780196965366,0.5231897418658155,1587
extreme_short,Extreme short flag,3d,OOS,0.05709134254042243,1.486799937475343,0.1375339052003206,678
extreme_short,Extreme short flag,7d,IS,0.03901697835677435,1.5545299240875556,0.12025770274635562,1587
extreme_short,Extreme short flag,7d,OOS,0.05120322876910649,1.3290828129023324,0.18427171411533322,674
extreme_short,Extreme short flag,14d,IS,0.010813753936257003,0.43054297803934477,0.6668592470263555,1587
extreme_short,Extreme short flag,14d,OOS,-0.010134448201972079,-0.26135645671852037,0.7938985552583253,667
fr_cross_rank,Funding cross-sectional rank,1d,IS,-0.0400844978484741,-1.597129995964689,0.11043606587085543,1587
fr_cross_rank,Funding cross-sectional rank,1d,OOS,-0.018903957420736348,-0.49231740627863246,0.6226543514936486,680
fr_cross_rank,Funding cross-sectional rank,3d,IS,-0.03215851722463931,-1.2809593045373413,0.20039535244622061,1587
fr_cross_rank,Funding cross-sectional rank,3d,OOS,-0.05976582603604255,-1.5566941840645425,0.12001112857928026,678
fr_cross_rank,Funding cross-sectional rank,7d,IS,-0.019117885792210194,-0.7612615178778711,0.44661412414536755,1587
fr_cross_rank,Funding cross-sectional rank,7d,OOS,-0.03664601669812956,-0.950611844682397,0.34214321278682214,674
fr_cross_rank,Funding cross-sectional rank,14d,IS,-0.01656708440697831,-0.6596602672913642,0.5095677053085612,1587
fr_cross_rank,Funding cross-sectional rank,14d,OOS,0.011318743789955163,0.2919018674509105,0.7704526926537933,667
oi_zscore_24h,OI change z-score (24h rolling),4h,IS,0.03298391799423925,0.47824260236762417,0.6329750290737878,212
oi_zscore_24h,OI change z-score (24h rolling),4h,OOS,-0.17673686156749482,-1.759356059022582,0.08170296214151425,98
oi_zscore_24h,OI change z-score (24h rolling),12h,IS,0.04667421501197114,0.677111573992959,0.4990803785115488,212
oi_zscore_24h,OI change z-score (24h rolling),12h,OOS,0.09713956455529489,0.915579877091655,0.362389440544603,90
oi_zscore_24h,OI change z-score (24h rolling),24h,IS,-0.004819941737521616,-0.06984840297122456,0.9443807889107292,212
oi_zscore_24h,OI change z-score (24h rolling),24h,OOS,0.08921458288546895,0.7808684708495455,0.4373054101645724,78
oi_zscore_24h,OI change z-score (24h rolling),48h,IS,0.018079504479258632,0.262039740559706,0.7935476572292779,212
oi_zscore_24h,OI change z-score (24h rolling),48h,OOS,0.12651038688774535,0.919668651261307,0.361992635650056,54
net_taker,Net taker pressure (buy-sell normalized),4h,IS,-0.04180730096271917,-0.6400883642608998,0.5227413859469593,236
net_taker,Net taker pressure (buy-sell normalized),4h,OOS,-0.16157578307799217,-1.604191476194641,0.11195685703518848,98
net_taker,Net taker pressure (buy-sell normalized),12h,IS,-0.0008664016031625027,-0.013253401017746209,0.989436918183104,236
net_taker,Net taker pressure (buy-sell normalized),12h,OOS,-0.07417376630859777,-0.6977336293514131,0.4871832730210649,90
net_taker,Net taker pressure (buy-sell normalized),24h,IS,-0.0008536201253497788,-0.013057881786488841,0.9895927398374537,236
net_taker,Net taker pressure (buy-sell normalized),24h,OOS,-0.14566446212015832,-1.2835637657530734,0.20319449890667912,78
net_taker,Net taker pressure (buy-sell normalized),48h,IS,-0.0227765934622741,-0.34850529288362364,0.7277740863554054,236
net_taker,Net taker pressure (buy-sell normalized),48h,OOS,-0.1970268724985706,-1.4491878348730312,0.15328935509053906,54
ls_deviation,LS ratio deviation from 48h mean,4h,IS,-0.22333671057075313,-3.133224583788292,0.002007520969136863,189
ls_deviation,LS ratio deviation from 48h mean,4h,OOS,0.14544561967242378,1.4403869322038367,0.153011398884164,98
ls_deviation,LS ratio deviation from 48h mean,12h,IS,-0.25297641266286286,-3.575709495918296,0.00044461197962060174,189
ls_deviation,LS ratio deviation from 48h mean,12h,OOS,0.13046055068526977,1.2343780567228557,0.22034821798265555,90
ls_deviation,LS ratio deviation from 48h mean,24h,IS,-0.18178424785367678,-2.5279823317960264,0.012299420750067545,189
ls_deviation,LS ratio deviation from 48h mean,24h,OOS,0.4522692497376041,4.420757823409208,3.225149487058563e-05,78
ls_deviation,LS ratio deviation from 48h mean,48h,IS,-0.06777404504168222,-0.9289320240463526,0.35412183946799214,189
ls_deviation,LS ratio deviation from 48h mean,48h,OOS,0.8860301124452067,13.781001585873643,5.407959403997913e-19,54
oi_ls_divergence,OI x LS divergence (interaction),4h,IS,0.006093247302653797,0.08332545052676006,0.9336818932020727,189
oi_ls_divergence,OI x LS divergence (interaction),4h,OOS,0.10457828867254493,1.0303032877529343,0.3054564610394068,98
oi_ls_divergence,OI x LS divergence (interaction),12h,IS,-0.002689347482180629,-0.03677640669846366,0.9707025151564869,189
oi_ls_divergence,OI x LS divergence (interaction),12h,OOS,0.01732724204634317,0.16256834438553264,0.871231035491647,90
oi_ls_divergence,OI x LS divergence (interaction),24h,IS,-0.04956540286887432,-0.6786308088387506,0.49821079121066436,189
oi_ls_divergence,OI x LS divergence (interaction),24h,OOS,-0.009749743926959115,-0.08500033706209247,0.9324846418710672,78
oi_ls_divergence,OI x LS divergence (interaction),48h,IS,-0.13211397287545104,-1.822607413625242,0.06996002847345036,189
oi_ls_divergence,OI x LS divergence (interaction),48h,OOS,-0.007661520869068038,-0.05524963425315495,0.9561513228373681,54
buy_sell_ratio,Raw buy/sell ratio,4h,IS,-0.04186482716813394,-0.6409706613482664,0.5221689883823044,236
buy_sell_ratio,Raw buy/sell ratio,4h,OOS,-0.16153804467450272,-1.6038067533129317,0.1120417535977102,98
buy_sell_ratio,Raw buy/sell ratio,12h,IS,-0.0009412647594719576,-0.01439858850644163,0.9885242541055078,236
buy_sell_ratio,Raw buy/sell ratio,12h,OOS,-0.0739188950036923,-0.6953229254371834,0.488685018212517,90
buy_sell_ratio,Raw buy/sell ratio,24h,IS,-0.0009467425369276624,-0.014482382500863825,0.9884574745549551,236
buy_sell_ratio,Raw buy/sell ratio,24h,OOS,-0.14514691098376212,-1.278904890533091,0.2048218719217663,78
buy_sell_ratio,Raw buy/sell ratio,48h,IS,-0.022865612544476156,-0.34986808747878506,0.726752386889295,236
buy_sell_ratio,Raw buy/sell ratio,48h,OOS,-0.19653509695006324,-1.445425169234474,0.15433850510347097,54
