indicator,pearson_r,pearson_p,transfer_entropy,mutual_info,ccm_convergence,ccm_final_corr,composite_score,direction
volume_sma_10,-0.18094917434295568,0.010342284012567851,0.23080629373542041,0.06308201816551269,0.04954044181084714,0,0.6770142899502795,-1.0
volume_sma_20,0.08838456899248773,0.21329759190563694,0.2884991782098674,0.05480432983275063,0.05621136301465308,0,0.65108226577967,1.0
skewness_30,-0.08954017575657122,0.20734977718739864,0.2768125425486479,0.06649824761698572,0.027146484508640354,0,0.5760190111906505,-1.0
tsi,-0.42591018153746135,3.2252684432430716e-10,0.2737900484750876,0.12771590682169906,-0.02186227635027086,0,0.5596448835271238,-1.0
roc_21,-0.5435728474595909,9.010101985164811e-17,0.29515407411307487,0.12586024017661815,-0.024704631428968643,0,0.5573253002207728,-1.0
momentum_21,-0.5435728474595908,9.010101985165121e-17,0.29515407411307487,0.12586024017661815,-0.024704631428968588,0,0.5573253002207728,-1.0
macd_signal_5_13,-0.40033231363346633,4.265321973389778e-09,0.3044827020295613,0.12512167272139843,-0.026628554191263296,0,0.5564020909017481,-1.0
zscore_50,-0.4266867552292135,2.9718334087729736e-10,0.24542469405316378,0.11845488966255174,-0.03408866665157452,0,0.5480686120781897,-1.0
sma_100,-0.11040683620928883,0.11962169334152338,0.32652468791181183,0.06941472410237652,0.014725986585421064,0,0.545672351469655,-1.0
macd_12_26,-0.4263234732836895,3.0878913070869286e-10,0.25274986633376734,0.11526783704748939,-0.02490296581706566,0,0.5440847963093618,-1.0
ichimoku_base,-0.12024786826075522,0.0898741079141834,0.29976869645403365,0.05729176008278194,0.01730717847528544,0,0.5408434140046192,-1.0
bb_upper_20,-0.20016715415803868,0.004485036985342419,0.2996691205542091,0.05527560673148637,0.01760020795771632,0,0.5394953402452233,-1.0
kurtosis_10,0.13834439691527164,0.05074543548648988,0.269074026413164,0.06754960649809898,0.012234117132075393,0,0.5333734766509253,1.0
macd_8_21,-0.4346340227379104,1.270780001520224e-10,0.31351004923022036,0.10521620764051849,-0.03338118396719796,0,0.5315202595506481,-1.0
atr_14,-0.14861480161765164,0.03570825712560595,0.34324386231137743,0.05538470857581678,0.014648851180991273,0,0.5278262904437361,-1.0
ad_line,-0.2329702888367371,0.0009006704854616906,0.23708359122592415,0.05854071406531761,0.013495161209513315,0,0.5271565374197003,-1.0
price_to_sma_50,-0.44805652292070264,2.8760878247215275e-11,0.27230447984144673,0.10164806720154888,-0.027677095942876945,0,0.5270600840019362,-1.0
macd_5_13,-0.39393262021106024,7.870975055180628e-09,0.29633069355113206,0.09864595726700108,-0.035136470513576365,0,0.5233074465837514,-1.0
atr_20,-0.14114507092744763,0.046198784014297035,0.3177093162216344,0.06533826956336165,0.010119192559964078,0,0.5221496071940585,-1.0
ichimoku_span_a,-0.23172790403475152,0.0009612039213295302,0.31620377072754297,0.065230700424455,0.009900114969704988,0,0.5211388354093888,-1.0
price_to_sma_200,-0.32045665833023507,3.7257823391243745e-06,0.30476909854477235,0.09451094993346953,-0.011797854638773017,0,0.518138687416837,-1.0
obv,-0.24855402760226922,0.00038683024955879855,0.3412981289846482,0.05907366318766508,0.011066438637112671,0,0.518107833533032,-1.0
chaikin_mf,-0.23323119477642051,0.0008884123397144968,0.29544026622537795,0.06973956028273218,0.007701532099422661,0,0.5179805787511058,-1.0
macd_signal_8_21,-0.37145834370727365,6.118585102688682e-08,0.30840831722286566,0.09269843663968386,-0.01730200584759057,0,0.5158730457996048,-1.0
ichimoku_conv,-0.32532674853644145,2.5955613058195085e-06,0.32875109321068624,0.08344665286191287,0.002163240593250342,0,0.5129612784503925,-1.0
atr_30,-0.1297856216501081,0.06699671041578868,0.30873232686798346,0.07259875834340358,0.005304678197429464,0,0.5119671607189723,-1.0
sma_10,-0.3419281905057464,7.215774850673814e-07,0.33887524042280376,0.08875588298413098,-0.005046209968694681,0,0.5109448537301637,-1.0
macd_signal_12_26,-0.31448368351494166,5.755084270085047e-06,0.2752653271958502,0.08657731745562368,-0.008473021598490145,0,0.5082216468195296,-1.0
sma_20,-0.20240126497011324,0.00404983636579078,0.2502234462524864,0.07464611803737166,0.0034185606531997497,0,0.5069818901595136,-1.0
ultimate_osc,-0.308847793247022,8.600682102936875e-06,0.3099226323961648,0.08525560721814729,-0.049798454727751074,0,0.5065695090226842,-1.0
volume_ratio_10,0.106632739759488,0.13287761129284298,0.33637921246361613,0.045991698227766234,0.011812655592663715,0,0.5047402451553626,1.0
mfi_14,-0.30098835908979216,1.4857447161210161e-05,0.30575214086233526,0.0834727502787483,-0.010292794039579774,0,0.5043409378484354,-1.0
price_to_sma_20,-0.38324108345457125,2.1285838776290176e-08,0.2806959785135643,0.08201815001009748,-0.033112345288155556,0,0.5025226875126219,-1.0
cci_20,-0.3577983619844876,1.9763767613523276e-07,0.28176970404755136,0.07918989212116852,-0.0478126730186109,0,0.4989873651514607,-1.0
obv_slope_10,-0.26255505102963367,0.0001727033408346903,0.37641356081012295,0.07914339112757013,-0.013278653805336093,0,0.49892923890946267,-1.0
zscore_20,-0.35858100857997083,1.8506764149043022e-07,0.2548666384037369,0.07849464492671315,-0.04815575126450334,0,0.4981183061583915,-1.0
bb_pct_20,-0.3585810085797862,1.850676414933013e-07,0.2548666384037369,0.07849464492671315,-0.04815575126452108,0,0.4981183061583915,-1.0
autocorr_20,-0.08105339149249963,0.25388594416629984,0.25753609721040416,0.0684789771557382,0.010201547217349947,0,0.497984997552822,-1.0
adx_14,-0.1841326768214081,0.0090525610637935,0.2653397965545133,0.05661968966730443,0.006589329125038734,0,0.4971319285842855,-1.0
vwap_dev,-0.35596936660142015,2.3028536680362865e-07,0.2881396655199834,0.07765856550361903,-0.031191699912244297,0,0.49707320687952383,-1.0
rsi_21,-0.402991750928171,3.2939017992063894e-09,0.25433018085022013,0.07738334488055468,-0.03771891551031989,0,0.49672918110069336,-1.0
macd_hist_8_21,-0.25583774994559927,0.0002557273667225666,0.3651253267107284,0.07724110911971553,-0.03014525228705228,0,0.49655138639964447,-1.0
ema_20,-0.28005012293570136,5.910751778577939e-05,0.37434978228813487,0.07299074900876752,0.0009028693540793618,0,0.4948499136772769,-1.0
stoch_d_14,-0.2947333548355817,2.2700773763267258e-05,0.3058230442849129,0.07505623021943006,-0.05919793647315436,0,0.4938202877742876,-1.0
ema_10,-0.38562670861510545,1.7100817763571545e-08,0.33986175622845155,0.07470916467757403,-0.009283078790760155,0,0.49338645584696755,-1.0
ichimoku_cloud_dist,-0.40826427218564687,1.959953778593397e-09,0.2779192239237564,0.07386959166506363,-0.04157784270296631,0,0.49233698958132954,-1.0
roc_14,-0.3219675948202245,3.3327644308479613e-06,0.2654672625139048,0.07300933806732275,-0.014802004549973886,0,0.49126167258415343,-1.0
momentum_14,-0.3219675948202245,3.3327644308479613e-06,0.2654672625139048,0.07300933806732275,-0.01480200454997384,0,0.49126167258415343,-1.0
sma_50,-0.1084268029434088,0.12644195116624843,0.3267457240653783,0.05573038702088164,0.005073095860410056,0,0.4899553672177423,-1.0
macd_hist_12_26,-0.3103939888332477,7.70937100906202e-06,0.33401225630280945,0.06957509918168807,-0.034094515142177685,0,0.4869688739771101,-1.0
momentum_7,-0.30140773328616227,1.4436046817095367e-05,0.29181595267888866,0.06790067224594783,-0.027692573559140395,0,0.4848758403074348,-1.0
roc_7,-0.30140773328616227,1.4436046817095367e-05,0.29181595267888866,0.06790067224594783,-0.027692573559140402,0,0.4848758403074348,-1.0
ema_100,-0.20602977764299307,0.003423533178583187,0.25901372372700227,0.06339541050240505,0.000696268132836707,0,0.4820293356593532,-1.0
bb_width_20,-0.09375947915871445,0.18664845633258,0.27284330177723304,0.06853004459296766,0.0007456423223111995,0,0.479284343768526,-1.0
minus_di,0.32202440835911417,3.3187849418469463e-06,0.28000985731443395,0.06287133008869854,-0.016925846153889305,0,0.4785891626108732,1.0
macd_hist_5_13,-0.18288522806347218,0.009539900372214267,0.32969794059407465,0.06185038335444836,-0.018537406723002452,0,0.4773129791930605,-1.0
williams_r_14,-0.3061366286735049,1.0404049574225661e-05,0.2970067422223292,0.06029146883492038,-0.0529620815822411,0,0.47536433604365047,-1.0
stoch_k_14,-0.3061366286738679,1.0404049573961615e-05,0.2970067422223292,0.06029146883492038,-0.052962081582105386,0,0.47536433604365047,-1.0
plus_di,-0.3023256928601978,1.3552792763277455e-05,0.3017315984658159,0.05853486616164143,-0.023355046804518498,0,0.4731685827020518,-1.0
rsi_14,-0.361853613224419,1.4033416779005493e-07,0.31044719876277227,0.057994440036735255,-0.037237039290140876,0,0.47249305004591907,-1.0
atr_pct_20,0.12055675776597358,0.08904612860321535,0.3072527861947819,0.05547968871280943,-0.015486351455271278,0,0.4693496108910118,1.0
atr_pct_30,0.18111061960387131,0.010273166800398283,0.28998326250428286,0.05504978305987179,-0.024939435235473408,0,0.46881222882483975,1.0
cci_14,-0.29856513319561584,1.752954389491715e-05,0.22944888937975036,0.05479919551769657,-0.039982941224709925,0,0.4684989943971207,-1.0
di_diff,-0.33018821766229783,1.7979856251335636e-06,0.26152402491912186,0.05084713265750602,-0.022532379956415553,0,0.4635589158218826,-1.0
kurtosis_20,0.10940097224746247,0.12304977774832049,0.292925344581318,0.050501131266183254,-0.02315106747075852,0,0.4631264140827291,1.0
kurtosis_30,0.08990425892941403,0.2055008469450069,0.2707657285989659,0.06133184218890937,-0.00028390290235095583,0,0.4615211911302578,1.0
volume_sma_50,0.07252373329572728,0.3074647128127279,0.2857406194183733,0.048506870371362185,0.009845886204414315,0,0.4588027327254509,1.0
ichimoku_span_b,-0.14721523780051193,0.0375039012908199,0.2634796643684105,0.04543379278857157,-0.010423717793317347,0,0.45679224098571447,-1.0
ema_50,-0.18809909692994917,0.00764632741956432,0.2937682009460301,0.04494739334658662,-0.00894466567237695,0,0.4561842416832333,-1.0
rsi_7,-0.29521532802861283,2.197893627657459e-05,0.2957233654107432,0.044303988880523455,-0.030308722869280196,0,0.45537998610065433,-1.0
realized_vol_30,0.06956333230233416,0.3276817706069172,0.27329561817950127,0.06961197397253945,0.003209279671072024,0,0.4541970846034636,1.0
bb_lower_20,-0.14291516787765857,0.043504669112455915,0.3367689383686312,0.04325786771109874,-0.025304859102517837,0,0.4540723346388734,-1.0
hurst_50,-0.14772531673037664,0.03684082991219068,0.31049458740863084,0.029807205501695692,0.004007373333899561,0,0.4532885002127179,-1.0
realized_vol_10,0.06468628855214364,0.36281103975792295,0.3126110435596382,0.05989990094704165,0.006858868395183156,0,0.44933978259275015,1.0
skewness_20,-0.0556497480535405,0.4338150181863589,0.27917576529666877,0.0691035000006898,0.004086119416026387,0,0.43619847474527856,-1.0
lower_low,0.1428889956464909,0.0435435228263809,0.05084640695997046,0.014046814719799077,-0.04629749026001579,0,0.4175585183997489,1.0
atr_pct_14,0.07850193836696391,0.2691888641210241,0.34491988548361296,0.037596299919061174,-0.005226040931997479,0,0.4147482824492723,1.0
higher_high,-0.09875504798627321,0.16414766779134585,0.12467549604672232,0.011869006840828228,-0.04059056751509604,0,0.4129688305304451,-1.0
upper_shadow,-0.048838114157997596,0.4922364993829052,0.36389395165718075,0.03903593442706808,0.009475083043826322,0,0.40995242144613675,-1.0
body_ratio,0.039211774794212235,0.581445552908389,0.30813748295651205,0.03087129465667859,0.011807624623461296,0,0.39463727900601175,1.0
ema_200,-0.04749501123717704,0.5042307581074623,0.3279100876036203,0.05787299236470575,-0.006952740686075874,0,0.39358375731164774,-1.0
volume_ratio_20,0.011714693469398902,0.8692289195152877,0.309490158547643,0.04789865100975669,0.016522780723120634,0,0.39353647685877674,1.0
skewness_10,0.011557693516980501,0.870966162513372,0.3548094967675418,0.07882081502325115,0.003709293432110027,0,0.3806997327829748,1.0
volume_ratio_50,0.012571865291367963,0.8597553595807215,0.29988596033189024,0.02836239881633788,0.017265984377962524,0,0.37337473396932436,1.0
realized_vol_20,0.04699007058070158,0.5087792580614336,0.31656194463907894,0.04229422893519131,-0.009377720962328459,0,0.3733528920400415,1.0
sma_200,0.04512827087952099,0.5257329192473317,0.32324198723882713,0.04242772701486267,-0.01178624564550977,0,0.3707270650878598,1.0
outside_bar,0.06371193520765796,0.3700999390222354,0.0902905521494098,0.010795229262144136,-0.03724903528294629,0,0.3590619393891671,1.0
realized_vol_60,-0.0065755484305626555,0.9263719644241076,0.3199573504916114,0.036498528856442426,0.01321890710002569,0,0.3583621121164998,-1.0
autocorr_10,0.014706504486567696,0.8362528095901494,0.28193590942630564,0.04425208754057826,0.006867000977055737,0,0.35484287006379733,1.0
hurst_100,-0.018740331616122766,0.7922498161243033,0.33634207358124896,0.03491314771882252,0.008079678681882016,0,0.35407064680024036,-1.0
entropy_20,-0.01651667015431042,0.8164349252743939,0.25927766099048905,0.03347253294686495,0.005241510912459922,0,0.3375817150648865,-1.0
garman_klass_vol,-0.010871765926071825,0.8785632605126881,0.30474721376720165,0.054345515173626145,-0.016565558185969984,0,0.33423954285614044,-1.0
entropy_50,0.004242992740264356,0.9524510153904369,0.29490350461230985,0.0588170433475762,-0.001069600818722619,0,0.3298857932948668,1.0
gap_up,-0.03884104883434508,0.5850257321496982,0.07256393897005681,0.013399260729943229,-0.007909539538272926,0,0.3250106491639466,-1.0
gap_down,0.015355018725084695,0.82914025194402,0.05290109873570344,0.011479544739537944,0.005174761814911323,0,0.30808100627169477,1.0
lower_shadow,0.003646386476530996,0.9591305865477171,0.3217841156861153,0.03576906307554466,-0.005731708783564642,0,0.3001809085592273,1.0
parkinson_vol,0.0011548631975634063,0.9870510090264113,0.30630757433561157,0.038689728170013905,-0.016270694059028958,0,0.3000944550088625,1.0
autocorr_5,-0.001242196749668892,0.9860718702114448,0.3378332538626876,0.032818181273143884,-0.004286082584150814,0,0.2928860217159332,-1.0
inside_bar,0.012826518251094278,0.8569446984234236,0.06337360065338914,0.004005060139586407,-0.02588584935377041,0,0.2742461025511244,1.0
