date,estimated-transaction-volume-usd,trade-volume,n-unique-addresses,n-transactions,output-volume
2024-03-23,5780151499.661647,394506658.95780003,622559.0,326610.0,716711.751343478
2024-03-24,3446270505.158186,212002527.1351,566459.0,331527.0,513831.8262454762
2024-03-25,10813846448.792442,230591017.74310002,623335.0,317064.0,1250324.7156639514
2024-03-26,15441122467.654274,598111635.24,648004.0,317742.0,1161761.7147320576
2024-03-27,12835468637.174114,420067165.6011999,637151.0,355902.0,986508.1232951462
2024-03-28,13059294357.123844,514434736.07189995,696012.0,428670.0,973794.8752496778
2024-03-29,9052675458.634825,429321770.2475,659374.0,449421.0,923032.0879918453
2024-03-30,4899663871.94741,231467318.75900003,614851.0,490072.0,521174.1482708109
2024-03-31,4052049395.04271,93566714.5938,546293.0,319675.0,456585.3620824828
2024-04-01,13085709742.52084,148022841.1392,648777.0,326410.0,1263750.226032886
2024-04-02,12446948304.835768,333076026.20600003,685496.0,357709.0,1089895.5793250247
2024-04-03,11542956859.303852,567178521.8108001,714141.0,372978.0,909993.117184391
2024-04-04,10660992756.195915,264675355.7157,655509.0,320607.0,864699.4180967722
2024-04-05,7927852982.371402,408140258.4445999,643705.0,348637.0,962527.0773917839
2024-04-06,5025793841.248038,412231112.2032,673290.0,433591.0,598971.9242774997
2024-04-07,5011808062.969637,168432954.45340002,652726.0,526130.0,554943.0491644463
2024-04-08,11418584778.487938,199599899.65730003,685180.0,455617.0,982666.1872262182
2024-04-09,10939569437.810043,462571787.4876,683771.0,453811.0,837041.0116765995
2024-04-10,8679207271.980724,485608092.6975,703704.0,531054.0,773781.9075290214
2024-04-11,8561053017.120058,439255942.27489996,631803.0,476241.0,814237.4967663351
2024-04-12,9357183105.151403,330459720.152,683741.0,448489.0,798696.518338781
2024-04-13,6210051369.613112,656060930.9432,683432.0,507173.0,639675.4301236746
2024-04-14,5003997183.111914,625046488.3316,665693.0,473328.0,671643.7468091047
2024-04-15,11559341313.326015,358442337.3594,666015.0,503358.0,938408.6540706649
2024-04-16,10682144920.883438,424121675.9304,743368.0,454669.0,1028539.245072605
2024-04-17,8561709706.407869,434879578.1352,661886.0,385606.0,997095.9200815054
2024-04-18,12336705133.490808,509763760.8503001,670913.0,418095.0,989107.8511690224
2024-04-19,9479933431.70449,396096192.37619996,727141.0,393190.0,811798.4458473901
2024-04-20,1849550188.3816292,627848217.2375001,455683.0,631001.0,385320.26131779834
2024-04-21,2437952939.1959405,217589645.4116,484762.0,641668.0,478617.15256393916
2024-04-22,7335530723.912101,152452095.5817,534717.0,671771.0,694754.651477748
2024-04-23,7265789225.50074,370050475.29780006,441797.0,927010.0,734569.3476622122
2024-04-24,7652433880.532315,244598871.59969997,632356.0,606713.0,786167.0132848818
2024-04-25,6784884049.382103,346769763.8901,633650.0,526242.0,623466.7653213254
2024-04-26,7554163013.008273,331902551.4123,664327.0,442347.0,775414.5050077859
2024-04-27,3253300158.0688977,219975352.317,673970.0,452967.0,556508.2032154301
2024-04-28,3545588645.6945586,143816198.3175,509501.0,487521.0,564091.449594405
2024-04-29,5796728920.506398,103478935.3971,603796.0,403064.0,772271.543126716
2024-04-30,9309712608.562164,235420816.3048,635509.0,498085.0,951488.341027611
2024-05-01,8725783357.945253,488305964.648,587665.0,478881.0,885510.477641098
2024-05-02,8551356016.181779,626699519.1439999,528151.0,559839.0,737934.5485675323
2024-05-03,5447644455.234284,308661105.156,537019.0,442742.0,690669.3956427871
2024-05-04,2535276294.7820964,459739745.3579,473521.0,660263.0,453619.31428210885
2024-05-05,1613446518.3047206,257089243.66959998,429326.0,625998.0,443545.86579670844
2024-05-06,5491391681.421094,144955309.3495,466177.0,519817.0,672642.9736580598
2024-05-07,4764574677.705591,344693198.4054,495831.0,372643.0,699999.1728698713
2024-05-08,4826242476.1033,279276674.8842,514675.0,450856.0,666491.1822600901
2024-05-09,4649344428.186168,232709097.1296,513026.0,517193.0,699636.2332559319
2024-05-10,4160729596.332065,218949258.33990002,474605.0,713791.0,707254.0318148361
2024-05-11,1989012570.1560533,305144383.8779,445747.0,719306.0,434192.2329474505
2024-05-12,1881158872.1569226,83158592.7858,377543.0,557164.0,493696.6102884302
2024-05-13,5759327016.077168,85559115.7164,466123.0,554780.0,772143.4784021802
2024-05-14,5418457538.779011,266267807.42170003,458041.0,422043.0,693098.2529934052
2024-05-15,8003836077.364244,248173582.692,516619.0,493012.0,837756.1477849804
2024-05-16,7101103820.324476,575329237.0932,494221.0,476659.0,884191.8645504088
2024-05-17,7835288947.482639,315594998.6313,514199.0,573492.0,833209.9909068157
2024-05-18,2349266373.133145,286102454.924,434371.0,401264.0,531982.4311212555
2024-05-19,3000326237.631906,79102485.4222,405155.0,644119.0,541525.7763579146
2024-05-20,7022731812.543269,112913407.31580001,482108.0,626995.0,806174.3340875941
2024-05-21,11045188897.642183,455363725.4014,508542.0,545041.0,983217.5757719927
2024-05-22,8214273488.198978,350193696.2760001,491272.0,583279.0,766462.853981051
2024-05-23,9092947802.681757,319144111.8109,533345.0,744761.0,650563.4271773113
2024-05-24,8162826585.536556,443308782.8817,483309.0,736439.0,641425.4503193916
2024-05-25,2016644986.3119543,225741561.48719996,465497.0,835040.0,362406.7179701254
2024-05-26,3376577962.077557,81765338.718,403848.0,852655.0,510608.8992151619
2024-05-27,3759980652.3522434,78486259.70539999,430424.0,551610.0,574537.6935324619
2024-05-28,25126148317.408638,201309272.7643,448181.0,596790.0,1030833.9823394106
2024-05-29,6388638321.04567,305845899.936,449070.0,725428.0,717712.5177684043
2024-05-30,8488992411.997545,264832289.3765,499634.0,510417.0,714630.5404810873
2024-05-31,9197804710.416952,306077441.6492,528690.0,701471.0,850516.0998206746
2024-06-01,2035171781.513369,249622032.12489995,449639.0,740030.0,433918.7695938534
2024-06-02,1639206773.6388125,48154509.9261,393004.0,729202.0,582840.2343406326
2024-06-03,10231630580.222765,89209413.90900001,482689.0,769224.0,908664.9577310736
2024-06-04,8099405366.314405,332641019.85480005,492874.0,627980.0,856833.8320920762
2024-06-05,9970731483.523262,381951958.79080003,460473.0,562049.0,998685.739414939
2024-06-06,7566456857.2989645,344754426.3263999,476121.0,613472.0,775250.5133083627
2024-06-07,9046106615.578749,281625399.42480004,468301.0,263982.0,680416.2605223764
2024-06-08,3010368337.856259,455128375.3866,599175.0,509927.0,509698.922983565
2024-06-09,1356745169.9412165,77737031.91539998,479357.0,767920.0,414392.0460083305
2024-06-10,7071634843.4280405,66199927.998399995,473053.0,658037.0,679422.5458353678
2024-06-11,8300820379.970086,174365595.8674,485989.0,463737.0,827148.9417821423
2024-06-12,7993241570.379265,408497184.12,483313.0,690560.0,674759.9275755116
2024-06-13,5447481273.682415,366473603.4202,469602.0,731254.0,580183.9919652672
2024-06-14,7752072910.629316,274885725.6153,475827.0,604349.0,729399.2524299124
2024-06-15,2182888818.589143,337748082.471,426024.0,452945.0,474185.77497225563
2024-06-16,1577243596.909229,78679201.4424,410934.0,461748.0,454814.54503825324
2024-06-17,6504943989.828709,96557462.01850002,433551.0,441215.0,758472.3915369599
2024-06-18,8142461537.978515,299300640.48920006,484883.0,617202.0,821008.8260452361
2024-06-19,4194286630.621904,374130380.0434,459862.0,634554.0,609746.9702756439
2024-06-20,6897447731.90798,120869513.94070001,465205.0,532756.0,628069.2379212937
2024-06-21,5839766773.132086,281061349.4486,514658.0,592843.0,690343.1010582402
2024-06-22,5441303997.531913,230207961.62,456727.0,681420.0,359700.48632529244
2024-06-23,1479938986.0844269,44080861.9482,358420.0,492352.0,353770.2179674989
2024-06-24,9211986161.082127,81685425.66800001,456565.0,528326.0,925990.5733968756
2024-06-25,7946145283.243041,549468502.1436,441214.0,536347.0,623516.001908275
2024-06-26,6539916736.601309,352591280.392,476277.0,490817.0,715028.2460590538
2024-06-27,10565765822.368536,171579980.9622,501018.0,414624.0,1233709.8578172876
2024-06-28,8362849210.30259,187543205.5896,562499.0,593984.0,769974.2814501364
2024-06-29,2587218662.591855,204630560.9822,502873.0,712249.0,453278.1154200645
2024-06-30,,69285841.1872,465981.0,505127.0,373215.58124920074
2024-07-01,7238212215.877723,124023354.4044,650451.0,611062.0,664824.9094207407
2024-07-02,5251483422.359735,259155678.24640003,511492.0,592285.0,634181.7302529368
2024-07-03,5633224518.403391,174262530.77199998,503996.0,545044.0,737649.903165091
2024-07-04,8872506195.657322,263703420.89599997,487582.0,538097.0,877950.0856658455
2024-07-05,17072634339.062922,330756425.484,510689.0,490537.0,985468.7603002188
2024-07-06,3146711262.5946255,493037343.0464,461755.0,658042.0,538826.2525571422
2024-07-07,2278555072.733085,135832612.02,417263.0,673752.0,533550.1174036232
2024-07-08,10703012141.302937,121347003.56940001,534832.0,593010.0,935000.1551629842
2024-07-09,7917211325.057808,373768538.60060006,499299.0,654037.0,824292.2881126952
2024-07-10,8254401496.318952,269873999.3576,460604.0,631745.0,844390.2236383794
2024-07-11,7191349803.164905,242131296.0075,487442.0,642066.0,797491.7239768648
2024-07-12,7362339048.252724,255291075.6812,486027.0,658355.0,737689.7545291341
2024-07-13,2761173151.654501,234576338.2405,418214.0,735686.0,539295.236907781
2024-07-14,1663806010.8954782,148892227.9,440649.0,586548.0,546352.0973618035
2024-07-15,8843917880.771624,196264972.2224,482490.0,552901.0,949798.7348089385
2024-07-16,12446978850.299572,493741259.7876,492843.0,529056.0,1134659.5369925136
2024-07-17,7739487792.722873,481594279.03050005,476281.0,615870.0,829500.0765502488
2024-07-18,6732472480.378525,292832510.9782,481360.0,445574.0,533194.4690520968
2024-07-19,8528315185.2865925,235344354.3066,510414.0,507940.0,771739.4505843178
2024-07-20,3598982164.152902,378697750.123,444989.0,680335.0,561826.616081152
2024-07-21,2500846849.1716294,145569499.239,412253.0,859629.0,471373.39699835575
2024-07-22,9717578991.658886,243535203.15739998,504554.0,824999.0,815937.4946262932
2024-07-23,14515028690.791712,298155966.4902,480641.0,838977.0,973410.9132304033
2024-07-24,8943563782.017931,382770870.56279993,484767.0,596458.0,745063.0967000404
2024-07-25,7867610940.380128,257787801.2446,529053.0,719711.0,751925.9667200702
2024-07-26,7332170770.1329155,298230195.03000003,529294.0,459067.0,601086.6006133643
2024-07-27,4232975746.9635262,334282374.1088,508959.0,445730.0,578532.6297704261
2024-07-28,2767696675.7889442,364564145.9772,431944.0,753703.0,375782.4973593945
2024-07-29,9902659739.016802,133471924.2164,543529.0,826129.0,896257.3144037754
2024-07-30,15119384835.083057,405239744.70720005,500916.0,683096.0,972379.7669231046
2024-07-31,9602772099.094246,262138980.0,542141.0,562819.0,997889.2028141295
2024-08-01,8155277551.651909,247521258.6363,550192.0,544430.0,788137.9786033568
2024-08-02,9809266028.523855,421154945.0352,531291.0,410113.0,1120076.901190885
2024-08-03,2308110370.827175,436363660.9303,490026.0,504062.0,467914.8866632341
2024-08-04,3460899185.172749,276874365.2748,451025.0,524595.0,592390.125489552
2024-08-05,13237735958.448278,273185718.8636,572484.0,548857.0,1370350.9497311546
2024-08-06,6808433062.101782,1148661960.9464,502085.0,485173.0,978189.0008762769
2024-08-07,7893851552.6037655,438844401.6145,483579.0,380097.0,937516.4679963785
2024-08-08,6532994035.445488,420623562.88350004,541524.0,487399.0,859135.9292223909
2024-08-09,7901052207.058065,526376144.4930001,505594.0,396419.0,892589.6714940596
2024-08-10,3834508484.859348,390585857.1193,449194.0,548777.0,526274.100263021
2024-08-11,1565215178.617859,116405149.4914,407547.0,644814.0,584557.931587841
2024-08-12,6152997429.581423,200426956.48,459444.0,450024.0,833850.8439280546
2024-08-13,7149997426.564984,350700157.1307,499256.0,579618.0,896759.4993924444
2024-08-14,6988791297.667786,360557538.416,514603.0,504701.0,923991.5116174663
2024-08-15,5391558140.144841,358098726.2652,517110.0,660924.0,714878.2601329201
2024-08-16,4199825226.3043375,380655235.1433,541657.0,575811.0,701799.7184806219
2024-08-17,1860988054.6251378,306429517.8054,468048.0,702540.0,405116.2983378342
2024-08-18,1842005986.3217332,86600153.7164,431177.0,769702.0,451915.53168809536
2024-08-19,6312008781.440564,136997377.12,479794.0,553394.0,849720.353683547
2024-08-20,5274305723.816394,228221556.61110002,522795.0,717337.0,830009.6634203588
2024-08-21,5478969193.046639,323448576.746,528523.0,687685.0,781119.8391507821
2024-08-22,5779831062.841158,335808532.9796,529070.0,795102.0,765833.869082293
2024-08-23,7779554833.467165,253147954.00439999,531334.0,799839.0,896157.7622464913
2024-08-24,8091891894.064949,474948599.3185,465477.0,794380.0,562329.3162806712
2024-08-25,1702032825.6541271,142198698.2679,410926.0,705838.0,495582.6330328778
2024-08-26,6102368262.378635,112739077.6002,467689.0,600722.0,772019.2490151818
2024-08-27,9613387187.807987,199263562.6446,500316.0,673811.0,1105505.3645173218
2024-08-28,6632252546.814547,334463993.0716,507535.0,733530.0,998514.3397864904
2024-08-29,6395977330.5875435,322847715.9136,537264.0,524362.0,776508.8093392404
2024-08-30,7346359988.724018,268111393.7498,572225.0,542101.0,722284.1211368316
2024-08-31,2193027465.921187,245014843.91369998,500461.0,701952.0,406793.945279639
2024-09-01,2648012585.459729,79166941.0532,474746.0,651871.0,818583.1489947678
2024-09-02,3100686678.1579823,202251047.31599998,497761.0,754904.0,727106.5901439863
2024-09-03,6012689752.026111,208989807.0735,532190.0,582751.0,981662.620964347
2024-09-04,5799794944.180726,201340623.2409,517981.0,722736.0,939135.9779528662
2024-09-05,6158660147.1760235,300557226.4821,539154.0,721251.0,843929.2857137045
2024-09-06,7064283321.400344,242470741.3188,541499.0,667267.0,909143.94937774
2024-09-07,1519336722.3506465,427234498.8876,467697.0,781426.0,459439.5357786654
2024-09-08,1783924507.5377305,117603860.7172,443983.0,910083.0,541227.7433864755
2024-09-09,6363322710.944949,130262738.73859999,484357.0,572398.0,900739.6685396094
2024-09-10,5660821108.553659,306474585.12,496236.0,568630.0,1390978.7504865625
2024-09-11,4996530777.753266,212321349.4458,485718.0,411402.0,1247406.4959816544
2024-09-12,5069102731.029143,332814234.9984,543579.0,563521.0,1056147.749002315
2024-09-13,7391259643.194124,256473820.67,541521.0,419047.0,1159566.175678689
2024-09-14,2251848613.999916,379400607.3766,497081.0,638989.0,671503.56581834
2024-09-15,1557392812.0248942,112557340.83659999,450094.0,712474.0,584990.2480000239
2024-09-16,5636920631.973337,144995228.0038,508716.0,504540.0,936148.3291176587
2024-09-17,5979868415.488911,210252643.242,512792.0,539113.0,847849.2549602628
2024-09-18,7033415665.476531,354058739.5062,503606.0,541476.0,824060.477294145
2024-09-19,8246322622.468619,391444859.1818,534707.0,455707.0,878617.918176683
2024-09-20,11383528905.333433,418638472.35599995,555435.0,526390.0,980010.4798542134
2024-09-21,1936753345.683346,276997037.9205,487325.0,557444.0,415896.3973294178
2024-09-22,1568648134.041071,152492057.5311,439610.0,628230.0,409556.78358135984
2024-09-23,7000723222.757288,208130927.5188,518528.0,580102.0,752214.3509765241
2024-09-24,8567453178.705362,259284487.26270002,517079.0,532220.0,835934.2250878342
2024-09-25,8162704768.430984,251134995.32799998,513256.0,503460.0,816864.2504929238
2024-09-26,7108680538.140987,206460087.67200002,515965.0,474766.0,841504.9019745147
2024-09-27,8554437526.620602,327423055.6652,549045.0,451723.0,807629.0527876107
2024-09-28,2366097260.4524183,221805856.55249998,477266.0,507707.0,462447.36368116224
2024-09-29,1655558348.2101824,71367128.775,462111.0,687427.0,489295.6332156256
2024-09-30,10834329687.749815,74145360.8469,513555.0,594224.0,986218.9624079608
2024-10-01,8154719864.648614,275937981.0927,626337.0,632894.0,901439.0871405173
2024-10-02,7829105602.861956,395681780.43719995,504061.0,590981.0,793759.0977704676
2024-10-03,7480735068.698743,307554295.91950005,522348.0,582777.0,885924.1692823414
2024-10-04,5461339204.431516,236511653.1595,553982.0,561425.0,803081.1071951699
2024-10-05,2730371658.884799,229032610.2809,462401.0,757575.0,421546.66184817435
2024-10-06,3005253704.35666,72898516.22299999,435532.0,742158.0,562927.3264257278
2024-10-07,7813362740.240367,103983835.12200001,495630.0,717700.0,999221.2514549243
2024-10-08,10877241078.803791,276157962.6432,556194.0,719458.0,1068668.007048818
2024-10-09,6720634380.632039,207594794.792,479175.0,536887.0,812270.1903557988
2024-10-10,7011381420.420207,216014829.94259998,495077.0,746211.0,642151.5196266883
2024-10-11,6860121248.392112,269528260.1268,474119.0,633252.0,639706.0537096191
2024-10-12,1843902651.0940166,273174108.1953,440477.0,736321.0,386993.7441375372
2024-10-13,1597337887.2848842,100712306.3732,417442.0,648739.0,362310.3545843108
2024-10-14,6678664097.609112,98907434.1474,477679.0,611683.0,605963.0413767822
2024-10-15,11549587821.736782,360793561.428,510964.0,646891.0,836341.90135389
2024-10-16,11139283532.797909,502678672.23840004,465015.0,708342.0,701874.9673499214
2024-10-17,8730955014.1011,321120429.7620001,529901.0,653027.0,592975.5383560109
2024-10-18,10874397499.760347,242164656.2904,519056.0,474279.0,657453.9189112573
2024-10-19,3014354207.8432803,261758954.004,480562.0,735561.0,380312.4138809915
2024-10-20,4380035792.252007,60553586.890200004,462770.0,778073.0,371365.76986347215
2024-10-21,8678261147.398464,98048855.83,482337.0,835011.0,660253.1279021731
2024-10-22,9459984977.844603,346821091.3752,479204.0,700174.0,672533.2845571071
2024-10-23,6752263402.2640505,252679255.10399997,496062.0,665187.0,531297.6086798153
2024-10-24,8861423494.225447,304197859.9296,453818.0,681834.0,582509.7414604152
2024-10-25,8170259000.293865,313889353.3986,585659.0,524014.0,580385.0656825635
2024-10-26,2589025948.7554045,391109107.30439997,513505.0,597744.0,355906.59260564833
2024-10-27,1623405982.1370733,78428057.1072,452846.0,700814.0,313396.9887960386
2024-10-28,10966185038.036318,103649486.70030001,535356.0,702824.0,642718.4959970043
2024-10-29,14125800889.231539,412745996.39820004,580911.0,614981.0,969730.0143010134
2024-10-30,13795094906.86094,626934619.4352,553379.0,682099.0,914431.5387501168
2024-10-31,13376076760.901299,384788398.71169996,562550.0,562237.0,841843.8252213715
2024-11-01,12445252914.96622,340772201.86980003,556938.0,547888.0,778325.6280858238
2024-11-02,2325736060.7382245,445487002.4402,504261.0,544612.0,319668.8147897112
2024-11-03,2585993578.693979,133227878.5983,452489.0,455402.0,347603.3903928736
2024-11-04,10004272909.175388,297064354.67300004,518020.0,456826.0,650259.0941658515
2024-11-05,11232629934.277601,371092180.6893,548496.0,465286.0,733010.1056977672
2024-11-06,16624459226.55678,423067356.5514,622567.0,501641.0,1268937.2231146363
2024-11-07,14663670061.258778,1493013774.3466,583392.0,553047.0,902154.5585619959
2024-11-08,16280514071.904945,569813289.8141999,591256.0,497146.0,953404.9382482735
2024-11-09,4379578541.9617,456486068.84380007,502341.0,577368.0,551065.6475042306
2024-11-10,8805260115.054148,170231282.96800002,564887.0,558278.0,808961.3998951652
2024-11-11,15659527002.602785,679557041.9743,623757.0,462458.0,1204667.9662189197
2024-11-12,26270558367.128586,1363723544.3036,702614.0,503677.0,1383872.6307425715
2024-11-13,21257021379.190033,1465003479.1824,636591.0,570979.0,1222908.3063392444
2024-11-14,24187597707.2619,1582738011.8256,587387.0,503566.0,1058121.4224924846
2024-11-15,19113942083.20821,1066135970.8832,619496.0,562223.0,928123.0808657724
2024-11-16,5256303046.01382,919109477.0116,581986.0,602655.0,524803.1979336018
2024-11-17,3315738679.512714,297287070.2607,518085.0,598496.0,444772.3042972665
2024-11-18,,387419484.46880007,569926.0,673308.0,888920.8559166278
2024-11-19,17907534161.0051,895022938.7744,547133.0,810805.0,943414.4744099809
2024-11-20,19928511810.876366,879056134.7604,557265.0,664866.0,1010374.7606940701
2024-11-21,24042155708.5233,1362099607.9357,666198.0,498512.0,1437644.971725258
2024-11-22,18925420304.096355,1413929500.968,628962.0,540305.0,1074499.480550723
2024-11-23,11273319452.938,978272034.8003999,590149.0,444699.0,719698.6201790483
2024-11-24,8444664449.542644,387213304.47980005,534909.0,463289.0,566408.752652852
2024-11-25,19031989883.548634,403233862.66359997,593158.0,604870.0,1011844.1848499022
2024-11-26,21331421147.908745,817388472.1122,568082.0,475689.0,966685.7978009495
2024-11-27,12555140763.385523,844425799.1950002,599701.0,462119.0,773633.5860690508
2024-11-28,9708469422.03239,754305423.9813,559054.0,523480.0,594620.3070454241
2024-11-29,12049106760.35298,355240142.98899996,551876.0,341781.0,704573.052100606
2024-11-30,4308785753.686624,591410646.9762,583648.0,640943.0,472061.8239517715
2024-12-01,4169328992.6346917,145189198.9264,501246.0,698223.0,414649.08199370245
2024-12-02,16936998791.826956,183654540.03239998,578842.0,311811.0,924341.1490483155
2024-12-03,13405989744.175869,628309175.2224001,613585.0,439519.0,845685.3929371192
2024-12-04,13935666799.866549,616301970.6084999,606514.0,502912.0,855006.8286922212
2024-12-05,22269535612.85755,1002614042.5672001,676971.0,512490.0,1458064.4692313098
2024-12-06,17888033885.907677,1783684132.6222,589966.0,414643.0,1058922.3147943672
2024-12-07,5418124415.8528185,659696237.409,523611.0,456101.0,456357.3420020911
2024-12-08,3771799971.244733,160423463.44739997,500126.0,420320.0,443074.68324366916
2024-12-09,16893586741.251682,239973680.66080004,548218.0,403264.0,965813.9332878763
2024-12-10,12979843425.395798,657994801.3275,637676.0,441944.0,839573.4783076796
2024-12-11,21037350757.179394,575697970.3326001,617471.0,481168.0,858938.2981387884
2024-12-12,17239165427.918285,591142121.5905,642365.0,474978.0,733417.2016895034
2024-12-13,17652553064.867294,441805447.975,622796.0,523585.0,738903.0206815624
2024-12-14,5353586265.646702,334557725.2407,547370.0,517482.0,430661.4198166562
2024-12-15,6822123118.7715025,179315304.8256,540459.0,378527.0,435592.1611988488
2024-12-16,19489912898.92708,396119548.9335,628257.0,412747.0,944149.5981226347
2024-12-17,16038288677.469349,822694979.1708001,587955.0,419707.0,899983.4775437801
2024-12-18,16000954252.851433,740994427.2423999,583495.0,414366.0,863124.9377957653
2024-12-19,19125758841.63413,704470672.9176,634202.0,437574.0,941187.6699843898
2024-12-20,16133797899.628603,850319898.6744,640920.0,398670.0,970347.5694393679
2024-12-21,6882358327.448823,731680040.3884,516725.0,330225.0,451465.4607173367
2024-12-22,3340023325.9010005,306252906.08059996,477331.0,336217.0,367541.5435169301
2024-12-23,12473533243.122515,299236646.1216,528563.0,292681.0,949013.5962306653
2024-12-24,11564062010.09304,528489091.5128,543738.0,326570.0,657352.1819701063
2024-12-25,5466163116.674572,403446687.8007,465831.0,405831.0,455890.1027724574
2024-12-26,8493106621.658707,179337009.7212,488028.0,298916.0,603281.5561685289
2024-12-27,9580652001.738985,407848155.4749,568492.0,348241.0,649887.8516713751
2024-12-28,2677566056.8358884,556478116.8184,513628.0,298580.0,383372.64210882597
2024-12-29,5228175703.420922,139756308.5128,473130.0,419112.0,584727.764962693
2024-12-30,13470587113.382612,165696961.9374,546526.0,374721.0,871546.387972725
2024-12-31,13251695752.866476,489958490.16159993,545227.0,312513.0,828260.9477125912
2025-01-01,6553323746.3020735,380560542.31020004,469908.0,292213.0,539953.5324479822
2025-01-02,6110103532.896917,176175933.4017,536381.0,402440.0,634979.2361194293
2025-01-03,8269717281.335514,375712664.4234,580296.0,409341.0,674687.3423459273
2025-01-04,2758643852.77057,333970035.6762,514543.0,432302.0,474874.7069852138
2025-01-05,2386538450.1449366,126838371.7356,477492.0,433954.0,450109.2146893607
2025-01-06,10720151138.280603,107457969.64,552854.0,366260.0,737125.5617071895
2025-01-07,12571059044.880728,531768338.655,534903.0,352121.0,808630.969284022
2025-01-08,12232111996.713434,515915061.14820004,545474.0,399976.0,784665.2639107796
2025-01-09,7267610310.966393,601290424.656,551517.0,534013.0,750688.58405636
2025-01-10,8226023524.658946,499171325.2984,555569.0,408769.0,916240.991515866
2025-01-11,2717776436.9154506,506105220.439,493250.0,361190.0,429441.32740336057
2025-01-12,2524860229.613659,101022094.4903,478512.0,380525.0,465857.3967394976
2025-01-13,7428143322.801004,106187074.3941,527739.0,408248.0,641005.6302590541
2025-01-14,8476643246.566211,695779803.0023999,555702.0,352684.0,775592.483289918
2025-01-15,9736046043.950031,406922707.1982,562243.0,354014.0,852579.1752953441
2025-01-16,15219278220.789003,503663875.2315,552617.0,375439.0,902568.8484161457
2025-01-17,13726669241.249104,472274973.7728,609681.0,425661.0,928946.3054353991
2025-01-18,5389522873.899006,838481377.8264,548843.0,360666.0,767454.691547205
2025-01-19,5860881893.009443,354815863.1537,581784.0,388509.0,720719.9783304674
2025-01-20,11266460830.38323,743951096.5206,611603.0,350291.0,961130.4865877557
2025-01-21,14016792182.76418,1199706458.5788,576234.0,324412.0,875424.5793068056
2025-01-22,13577736341.160229,758501900.7327001,563550.0,432369.0,794429.9219138741
2025-01-23,14634364649.359365,461480282.62100005,559393.0,326010.0,853792.9981274175
2025-01-24,12098187853.612225,1121635926.8407,555324.0,369243.0,704594.1043631484
2025-01-25,3694805800.669982,503540972.3,511721.0,338988.0,436039.01003608626
2025-01-26,2783482751.6197257,156538983.728,468657.0,309651.0,403647.2487364654
2025-01-27,11955786516.95331,207368431.16640002,536813.0,332102.0,688610.6450814432
2025-01-28,8034825800.008887,931328589.3154999,526610.0,305953.0,535465.0216653026
2025-01-29,6092345911.116566,480661272.8852,536882.0,355332.0,674853.8129454331
2025-01-30,7400448916.434272,501138804.60719997,563297.0,335134.0,640502.2747973717
2025-01-31,11201672996.579489,503455034.12409997,573440.0,328684.0,695031.4465801892
2025-02-01,3013247738.519718,509402551.8504,547939.0,357439.0,414956.73764870205
2025-02-02,4767314353.494646,218441677.71600002,493629.0,383258.0,536778.8400299399
2025-02-03,18010195932.401714,507586229.14400005,594369.0,360484.0,876169.4756701029
2025-02-04,9972825687.013731,1182285158.8992,533329.0,308619.0,733042.3244044902
2025-02-05,14433738129.338787,630944276.2234,549668.0,381126.0,703165.866151592
2025-02-06,10021883321.596104,385864519.1124,556046.0,428326.0,621613.1045917249
2025-02-07,8703519501.878572,453783388.59599996,547121.0,498394.0,540986.5617418498
2025-02-08,3464009779.7232847,497167227.67399997,495840.0,469138.0,381304.205580459
2025-02-09,2892524949.0753446,105577501.79879999,458209.0,385420.0,384656.90010658256
2025-02-10,7432617992.956971,195295578.423,506614.0,359522.0,577459.3863082707
2025-02-11,9477085951.576164,292172978.5667,527971.0,337513.0,596692.0503578433
2025-02-12,6046944646.337515,319500486.0,524479.0,386539.0,571134.6488628598
2025-02-13,6654782592.28042,382669353.6804,554664.0,379906.0,599946.5143420058
2025-02-14,8436991720.132586,279715194.61719996,555378.0,346002.0,626832.528904628
2025-02-15,2834188516.6755214,341965900.7687,477805.0,306930.0,518154.848237537
2025-02-16,2372547536.0734653,83354710.842,439616.0,300091.0,472096.56860169856
2025-02-17,5508831135.639191,88960108.96370001,481661.0,333466.0,545508.6074177873
2025-02-18,7844099152.227246,204000189.8912,505135.0,422709.0,602417.8034707359
2025-02-19,7977877909.42433,358932055.68,504104.0,448569.0,646574.3940608707
2025-02-20,7693600250.556907,302174944.34879994,528372.0,480465.0,712996.3413949646
2025-02-21,11713054420.955343,353536327.46999997,539520.0,459909.0,776218.8796220354
2025-02-22,9079926698.565578,565123715.689,481128.0,551849.0,710616.2259962864
2025-02-23,4160757626.3135962,136075375.2045,401327.0,572814.0,514513.2262420151
2025-02-24,7539058256.821985,95907983.0501,502390.0,514086.0,797420.0605861305
2025-02-25,19880185672.637268,456800366.08140004,593036.0,497063.0,1342314.4878907008
2025-02-26,16676247403.02854,988461647.0316,551544.0,403575.0,1304559.6801679595
2025-02-27,13035391292.900713,916529714.142,559897.0,325162.0,978750.8724108649
2025-02-28,14082883082.188152,556087748.9388,639073.0,386183.0,959889.5216381621
2025-03-01,4440543779.655316,882607540.6126,537837.0,290895.0,586861.1102651588
2025-03-02,6026981353.715553,245714267.6917,502728.0,264912.0,689940.9401719305
2025-03-03,13059040343.29221,868157340.8468,574113.0,374224.0,918110.1340647177
2025-03-04,9413786977.94864,814966434.5565,572405.0,304773.0,716490.7653132618
2025-03-05,7517911103.3842125,805779945.5419999,553079.0,309176.0,637121.1964791361
2025-03-06,8439668480.765515,642147466.0185001,582749.0,370349.0,745382.9592287063
2025-03-07,10112854701.343702,586318812.4572,575233.0,313588.0,794877.2781499162
2025-03-08,2510243357.318507,841768984.0728,490884.0,292451.0,468139.46895801846
2025-03-09,3291100083.832311,137304569.4696,468931.0,300380.0,516664.1934521764
2025-03-10,11665904508.07828,340343818.89,561710.0,446224.0,793936.4406689026
2025-03-11,10558772838.912882,599842397.0268,555242.0,376740.0,839354.3377643365
2025-03-12,11244575402.619507,657508590.4368,537118.0,428828.0,728907.7670192188
2025-03-13,11652599979.206436,494687970.8631,548028.0,532638.0,622082.5265915043
2025-03-14,7688923936.964859,361317598.8765,558542.0,439189.0,558307.4949914808
2025-03-15,2025237248.2558634,411874087.4424,483792.0,473428.0,404904.2709149956
2025-03-16,2461022384.446573,101918514.9123,440114.0,471115.0,427833.4585938498
2025-03-17,6958311355.184736,186189864.82850003,511394.0,380493.0,565930.725139535
2025-03-18,5673415289.209962,253675620.1393,520296.0,369237.0,573466.2977525638
2025-03-19,7323070307.706748,282553783.274,523412.0,441661.0,557514.7272005888
2025-03-20,9374758746.042683,470152534.5582,538832.0,337973.0,594456.2227735356
2025-03-21,7154070651.931662,393288330.1868,542213.0,321230.0,503425.7124816587
2025-03-22,2286075876.446249,210905330.79200003,463442.0,413839.0,329192.8230417305
2025-03-23,1789474661.2639942,70266363.4959,426406.0,533755.0,320723.80732360133
2025-03-24,7684100097.406544,118470479.18200001,542968.0,483673.0,550865.5085339503
2025-03-25,10116621776.142765,408633473.976,537123.0,505859.0,606946.8047962261
2025-03-26,9664047436.944172,342001593.955,551045.0,515068.0,584772.3104568687
2025-03-27,7526149332.700574,337668535.508,546963.0,437476.0,557973.8304889845
2025-03-28,12048485791.401278,253176718.4037,555512.0,397685.0,688099.5094018162
2025-03-29,5091286087.469017,339761375.65440005,491096.0,290139.0,442272.53043024807
2025-03-30,3254782225.1719213,167832345.2598,448720.0,305206.0,399659.7425680387
2025-03-31,9821678609.988209,156176608.6463,536233.0,318279.0,710598.7531346937
2025-04-01,6557955353.679704,331796681.099,577515.0,356323.0,572955.3409079915
2025-04-02,9548511632.805397,329074257.9559,561041.0,399055.0,604393.7166311253
2025-04-03,11835707286.54347,600900789.8779001,576015.0,392043.0,669511.8752732129
2025-04-04,8780468949.850952,363175069.23389995,568203.0,429861.0,585001.7853769639
2025-04-05,3868108851.8407145,405020628.2276,491185.0,293474.0,361328.6529885604
2025-04-06,4346039061.740272,106131284.6266,468285.0,279475.0,439315.96113355446
2025-04-07,12325031990.720432,499951938.23999995,561612.0,309387.0,792091.204218502
2025-04-08,7889160738.948145,907314804.484,560881.0,363972.0,611653.2591485381
2025-04-09,10619510422.057436,444856038.8187,553980.0,317312.0,790622.8431756304
2025-04-10,8272452338.091592,958674278.926,559681.0,322464.0,681608.0396443136
2025-04-11,10441636973.743479,381622657.17209995,574941.0,405030.0,668781.4973677787
2025-04-12,3199768362.3695993,476890393.1271,504593.0,409511.0,428871.8732050299
2025-04-13,2872917277.051721,266481222.4382,462177.0,455139.0,418150.5887978018
2025-04-14,7327920945.142364,270239284.2617,531419.0,441688.0,536097.8877530411
2025-04-15,6411287873.065953,396003972.99819994,547445.0,442899.0,669078.3395093724
2025-04-16,9044954451.20895,262866412.08800003,543869.0,507129.0,536376.136132394
2025-04-17,7817372046.315234,346351163.87219995,545464.0,557181.0,745056.250151734
2025-04-18,3870953753.6277747,220204644.096,515292.0,508733.0,532546.999969825
2025-04-19,2510500478.902752,84866247.5856,471006.0,545076.0,381149.31094134436
2025-04-20,2232630980.687477,100123591.60210001,423502.0,468737.0,339658.2363766377
2025-04-21,7961048503.294534,99098366.64,493498.0,444986.0,589521.3540403852
2025-04-22,12491830345.924187,425579371.875,569473.0,518267.0,757426.9810193535
2025-04-23,16200026210.79612,668586497.2874999,546333.0,418203.0,961186.401919533
2025-04-24,14035201954.66458,483707493.4522,569545.0,464739.0,754817.8051796644
2025-04-25,17332578422.84961,266451299.2119,595179.0,392451.0,775016.1736633416
2025-04-26,4555887933.739448,521970611.6286,486530.0,321357.0,374314.36002304853
2025-04-27,3888393605.9005857,108600159.33960001,449536.0,441827.0,397452.93836994446
2025-04-28,11534611913.428812,120621702.0942,513795.0,409765.0,702041.0722047687
2025-04-29,12682042160.758211,318459615.914,526876.0,467725.0,723115.9187372631
2025-04-30,8415953464.653325,293182932.05259997,558028.0,350729.0,661001.8623985085
2025-05-01,8742561243.010767,291983347.15400004,555979.0,331199.0,771855.5763600261
2025-05-02,10365219305.55276,391713317.61399996,613025.0,379268.0,765642.3131637236
2025-05-03,5780366401.056679,249998021.27239996,515130.0,389717.0,508068.82781151176
2025-05-04,2688789794.2843966,137532711.3506,446087.0,347977.0,494688.49483848276
2025-05-05,12316169616.315157,139921007.6955,531867.0,402262.0,815056.4046041573
2025-05-06,9692283136.625355,231559265.266,526919.0,332218.0,734327.5573693127
2025-05-07,8870488913.741823,286070265.1169,559340.0,343011.0,740016.233072401
2025-05-08,10352926922.70228,308530258.6982,592201.0,373813.0,739797.9218478217
2025-05-09,12000952154.164745,643379225.0214,603053.0,334543.0,841081.9863683009
2025-05-10,3641552067.7514997,327447968.6962,503410.0,331074.0,478471.03779224114
2025-05-11,4002446571.2172523,160483067.7114,467125.0,281756.0,490327.5020273597
2025-05-12,10610173476.098167,177084120.2841,532368.0,378285.0,693884.7082989878
2025-05-13,12139989800.498348,463052385.2478,534997.0,295785.0,754872.7891448047
2025-05-14,9186120404.981548,330367283.1019,535430.0,326818.0,715424.2059721074
2025-05-15,13310349561.179665,263574572.1326,540779.0,374153.0,757969.3030447084
2025-05-16,9260377548.058199,284591994.7354,539053.0,363786.0,635205.4907823753
2025-05-17,3011615665.251809,235832916.07099998,474173.0,291797.0,376416.8388136708
2025-05-18,4277222751.359123,110795334.4953,432229.0,629314.0,400728.79546783946
2025-05-19,11066325015.853483,338876656.5444,499650.0,585883.0,648502.7812014524
2025-05-20,10861017407.833975,454400005.073,536030.0,569769.0,705432.5311724665
2025-05-21,14775186534.55395,399355542.8364,567751.0,422191.0,838198.9085360512
2025-05-22,16043204929.738068,759188399.9934,612816.0,467803.0,1035240.0950010672
2025-05-23,15409133940.94576,492405497.4279,571289.0,444625.0,824826.2545425309
2025-05-24,5446155680.062743,535345720.4497,500617.0,395420.0,456746.41002257494
2025-05-25,3288796413.1677313,142559041.51279998,442797.0,356355.0,430580.8732530959
2025-05-26,9216183401.120417,191621069.88480002,516548.0,358290.0,560222.5953222772
2025-05-27,12251387161.35873,210873065.2652,508812.0,422984.0,628902.9823142351
2025-05-28,10535083488.500374,330449525.56329995,546095.0,541153.0,722724.0451447681
2025-05-29,10341416369.58704,282226167.583,542154.0,382859.0,598103.0205054352
2025-05-30,12038234757.004648,367528099.6832,594597.0,396232.0,706212.2701788045
2025-05-31,3219514300.9733295,340582430.4732,506671.0,299392.0,417260.7204844623
2025-06-01,2705917037.3142548,135419862.5652,452800.0,256072.0,449652.76830637694
2025-06-02,12666100367.852962,153854846.2288,516152.0,346488.0,768909.2633130939
2025-06-03,11439289120.522953,247475970.64080003,560813.0,358895.0,780151.3151040742
2025-06-04,13646987293.23523,224684018.60410002,545490.0,337037.0,697810.5119017401
2025-06-05,10550534159.238892,190982822.82009998,562558.0,320509.0,686312.9036390813
2025-06-06,11455561872.615784,405030629.85260004,543873.0,298643.0,629079.951470367
2025-06-07,3677820071.5810657,309049635.8136,473987.0,290718.0,404086.32381289755
2025-06-08,2364440624.399593,125174072.3698,436494.0,307505.0,390826.3843650221
2025-06-09,9265964068.03982,109586139.24859999,506842.0,361275.0,589885.2286426114
2025-06-10,11196025800.767021,324410050.8715,558332.0,428797.0,730915.7998810044
2025-06-11,8722630197.219322,282400974.6384,519320.0,347263.0,624882.1140116946
2025-06-12,6376367919.772322,221995215.2148,549165.0,425413.0,536443.2880349864
2025-06-13,11515533272.179176,308876069.19070005,567837.0,351499.0,652807.4046937252
2025-06-14,3885367331.7677402,424097932.8105,474984.0,273850.0,351136.1326845361
2025-06-15,3155873881.1872916,114508327.6191,439669.0,281934.0,279957.71334621677
2025-06-16,11917602155.905172,101048176.749,527740.0,361092.0,585225.3398115342
2025-06-17,9427005107.909824,290426256.2309,518441.0,354536.0,688195.2913633096
2025-06-18,10252024346.377224,318233255.43799996,526045.0,441317.0,596873.9955871598
2025-06-19,5255470077.15392,230330897.70569995,501017.0,308332.0,434159.08493041253
2025-06-20,8671147096.782238,184680196.2382,543938.0,353459.0,570351.2337046771
2025-06-21,3272164417.8679485,249920173.724,455627.0,309613.0,323605.69291324174
2025-06-22,5215828659.9633255,210130134.9148,434126.0,265421.0,499778.1030943608
2025-06-23,9641640710.702705,438672443.63690007,477910.0,290678.0,654822.3552653106
2025-06-24,,531571954.89599997,498971.0,279124.0,695759.3952848705
2025-06-25,11874525132.589663,340661317.9606,516000.0,387919.0,721359.9045471862
2025-06-26,11793948204.87055,366808161.57159996,540682.0,504341.0,667699.1387740835
2025-06-27,12887703108.271957,221532416.7903,524379.0,335434.0,665074.4058684345
2025-06-28,3336314161.1267157,253417685.26349998,457275.0,388943.0,361067.2884188816
2025-06-29,3488152854.034,81547105.2675,442209.0,380608.0,334253.09502290725
2025-06-30,14136311601.559845,132060242.23940001,521131.0,339268.0,629712.8133923857
2025-07-01,7525873041.10213,251310566.4104,542508.0,325613.0,496490.18432779866
2025-07-02,9829934492.062973,342077839.9992,572880.0,366147.0,472110.48083608074
2025-07-03,11161785740.783573,327546691.235,571346.0,361041.0,608819.0590214231
2025-07-04,16598074235.295662,297552299.5824,527167.0,366873.0,554355.8060820487
2025-07-05,2818051738.286806,183692411.616,426226.0,427456.0,275838.59851302457
2025-07-06,2856385887.529106,50327643.2935,436195.0,506401.0,284335.71670787013
2025-07-07,9758779721.625797,114224044.6484,493343.0,360355.0,548473.8132949722
2025-07-08,8193896030.848373,210921838.6336,521277.0,354753.0,469316.77026889834
2025-07-09,7732968413.466436,190443459.0946,542076.0,444726.0,494786.5288705546
2025-07-10,11593476507.743673,390793916.0227,605456.0,446575.0,717053.9185477694
2025-07-11,17966579616.717262,604775486.2066,626638.0,408758.0,1014511.5155499782
2025-07-12,7065294773.538602,536427815.4702,501978.0,395744.0,533655.1738268748
2025-07-13,4554222640.881363,162403181.9958,466718.0,399761.0,453095.4257954731
2025-07-14,28379995376.52119,218718683.73499998,598435.0,457360.0,1058789.7662005092
2025-07-15,25653677929.517857,617882068.7361,560371.0,418737.0,1146546.0169305694
2025-07-16,15318731737.294672,1097599365.8855999,542511.0,399196.0,933749.894068417
2025-07-17,29735820375.44461,386623741.27000004,594592.0,433844.0,1052314.9859595487
2025-07-18,17065964092.484245,393600484.5465,580677.0,452162.0,850360.3020828036
2025-07-19,6034792021.890069,463785398.4918,477264.0,426040.0,422500.6603015539
2025-07-20,3737438458.7072406,107452662.39050001,455280.0,414919.0,411213.5318042277
2025-07-21,14562334193.0149,169171277.763,537794.0,384438.0,898509.9178894432
2025-07-22,14170292447.359936,344934175.4226,519024.0,421750.0,714622.9821449821
2025-07-23,10879734897.830894,389871543.3794,535701.0,366826.0,617736.3952790183
2025-07-24,11261125234.19587,336087614.4572,528797.0,409736.0,654229.3980521291
2025-07-25,22820893392.68719,323171615.4069,577530.0,427905.0,1013683.5782366012
2025-07-26,4964932334.15206,1010547389.4347999,491132.0,573275.0,468367.4993123072
2025-07-27,3373298830.617135,182399540.227,457112.0,472894.0,461028.76776883734
2025-07-28,12934438036.770037,200531017.07459998,529385.0,502252.0,642324.7873246894
2025-07-29,13288768254.758938,315487333.777,561483.0,350960.0,584862.5983274233
2025-07-30,10499712187.637215,311508595.1135,554145.0,423333.0,630779.5062044684
2025-07-31,9759826295.827438,313097229.9414,584264.0,485215.0,578499.096549739
2025-08-01,15497763392.271341,329742916.96500003,636772.0,400385.0,765015.4144213927
2025-08-02,3157274637.0232015,576532620.7182,526686.0,309743.0,468510.929370138
2025-08-03,3752362442.6492014,247123533.19099998,462597.0,283479.0,465258.31995903776
2025-08-04,11845762258.67677,169277352.9084,542397.0,443301.0,683513.1045117929
2025-08-05,9313301817.800478,260698672.512,569616.0,411399.0,609936.6882308437
2025-08-06,7655906247.251752,255080279.66200003,665517.0,496208.0,626958.1893022532
2025-08-07,8976136352.994701,263591202.78060004,634516.0,565200.0,605012.0557144006
2025-08-08,10640830372.69743,332091893.1936,749938.0,474798.0,625050.3468525579
2025-08-09,3986623481.7432323,309447185.85719997,591211.0,376121.0,438600.8991520753
2025-08-10,4258627456.3488636,209163478.0356,489536.0,400467.0,456397.45688580413
2025-08-11,11718980185.323074,282006022.20059997,552696.0,449633.0,751664.821442906
2025-08-12,11498642440.824318,561914549.9911001,543783.0,367063.0,705780.9945488264
2025-08-13,12888456394.703356,414262031.276,562007.0,441094.0,722056.7894571378
2025-08-14,14413520594.360933,740473733.7865,630373.0,484085.0,681476.7634372207
2025-08-15,14017254389.700182,839865072.422,555918.0,430405.0,586342.0757750145
2025-08-16,5504971480.001399,385559844.39500004,475351.0,401706.0,431057.810104155
2025-08-17,4633178834.210024,154740684.13439998,434867.0,440879.0,419951.4649543072
2025-08-18,10854550547.181856,169370831.0,506163.0,478104.0,639131.0125125209
2025-08-19,14441863554.129673,440690558.252,508055.0,412417.0,620388.0999313553
2025-08-20,11774848315.666763,439682506.37219995,534876.0,424869.0,582297.0673954702
2025-08-21,14001832264.62955,453737318.7438,536698.0,447767.0,604109.254676697
2025-08-22,15328705213.824976,360039798.18359995,559414.0,459717.0,698681.1002906404
2025-08-23,8101157832.036867,592862531.3415,487009.0,467080.0,523652.2546548707
2025-08-24,11032407922.931696,206812074.8232,443678.0,525890.0,583494.5676123779
2025-08-25,11581188386.265312,368372761.3728,525919.0,482127.0,671005.1794498428
2025-08-26,12519504863.175747,617546477.3731999,528702.0,456605.0,699871.7370252023
2025-08-27,10326963402.219948,424124303.24520004,526965.0,499276.0,610384.5115604041
2025-08-28,10466099084.99234,293178788.80320007,547915.0,575612.0,643223.426013164
2025-08-29,23005469326.788795,343506011.7608,597526.0,596157.0,830138.1786032679
2025-08-30,9170965525.438213,468807748.18350005,495905.0,628513.0,548501.2291975999
2025-08-31,4626001308.177331,195171765.1679,446532.0,472908.0,503516.4100451941
2025-09-01,9872635249.510498,162963756.733,521197.0,598757.0,614437.9792047982
2025-09-02,11472795453.89586,339418391.9629,544795.0,592659.0,634897.7967018404
2025-09-03,10987680372.68799,479387021.214,541497.0,411173.0,649861.8140678566
2025-09-04,10787959326.746689,432204195.52650005,540435.0,395181.0,741396.2704583535
2025-09-05,12937939673.7636,364884211.3378,587857.0,416432.0,827999.3999852549
2025-09-06,3437337619.6244116,454072311.0768,481276.0,441035.0,467470.57097568276
2025-09-07,2596166281.3931866,121643369.9242,458587.0,586276.0,472277.0471062763
2025-09-08,7661404614.42701,176979103.01940003,511832.0,567934.0,715120.6199971415
2025-09-09,10652209784.065067,283816024.452,549610.0,619514.0,780937.4586881245
2025-09-10,11031790195.23848,356600848.2825,542027.0,643239.0,718427.2933867492
2025-09-11,12917697920.895584,494373923.66519994,537753.0,598468.0,628815.5797930686
2025-09-12,13838292752.335754,389601858.6288,543345.0,396513.0,574095.4367425097
2025-09-13,5789043918.79074,486016774.7702,526152.0,533108.0,506300.8318205934
2025-09-14,3898286436.661168,175498663.33389997,494770.0,534198.0,393489.85313070717
2025-09-15,12687401399.611538,152381637.00160003,549560.0,535154.0,746401.2310722882
2025-09-16,11014563418.224216,367440087.576,546260.0,536633.0,626967.7823163777
2025-09-17,12962249455.147718,300754730.475,517428.0,362913.0,601936.1926088387
2025-09-18,13510976822.137205,482484907.46360004,536964.0,448521.0,710660.2158870158
2025-09-19,11918810025.118149,456554669.58360004,553195.0,478312.0,723340.8229278914
2025-09-20,6506869820.089035,321336334.242,535837.0,498549.0,520248.8931067267
2025-09-21,3521336291.7833223,168707301.125,467555.0,513490.0,444820.5811998699
2025-09-22,15430507426.449467,169837768.6137,515742.0,456797.0,724557.0679832932
2025-09-23,13380103763.332317,520270728.98679996,506650.0,495947.0,689481.1988843825
2025-09-24,11030120453.67821,336868676.8944,502339.0,522936.0,670588.1639552381
2025-09-25,14251956295.883837,313925096.76379997,542099.0,431725.0,772546.74568175
2025-09-26,16962966523.57071,557658491.1352,553168.0,419078.0,933690.1283560653
2025-09-27,5814233429.462753,415207991.1228,484214.0,526116.0,504349.9417246972
2025-09-28,4533682940.126207,89616887.33850001,458537.0,635424.0,455219.77514842927
2025-09-29,12421806232.98834,166004189.26079997,521335.0,444460.0,695379.6972354824
2025-09-30,18752461459.12848,367202369.7639,561370.0,555361.0,775226.6309429874
2025-10-01,17914942537.91964,386044153.7232,577245.0,473880.0,848503.9048079305
2025-10-02,18501831007.64977,524767121.3942001,595776.0,381586.0,880778.7601960052
2025-10-03,23124603287.085655,546864444.1007999,595427.0,387726.0,1005100.3447185645
2025-10-04,8476077417.44032,698887641.2367,544104.0,422031.0,588084.5208626719
2025-10-05,7752284226.2383795,171456873.6694,497949.0,525372.0,638647.3380841969
2025-10-06,16874408670.71981,437809820.6362,550307.0,431274.0,799146.4684620671
2025-10-07,19430972127.380543,649073316.1583999,561921.0,430492.0,771697.5502499844
2025-10-08,19009027532.640343,608245802.8422999,546778.0,427474.0,872410.8157620439
2025-10-09,15183418026.848045,486228475.275,543331.0,367782.0,713397.5826106608
2025-10-10,15376547532.03535,568513120.6116999,584389.0,418155.0,750438.8877122811
2025-10-11,13979800173.011082,1306161470.25,546781.0,444087.0,853963.0722223375
2025-10-12,5559262421.031401,621896053.3137001,465507.0,463487.0,694611.9285249826
2025-10-13,9071959222.90638,596773383.0,504968.0,491572.0,844768.301867324
2025-10-14,19576688920.433247,453584199.096,524219.0,562791.0,1186614.214565393
2025-10-15,21854225093.273422,632776902.3981,542831.0,480244.0,884969.5849917204
2025-10-16,13182320922.085176,452361253.4112,556999.0,497400.0,855280.5148967869
2025-10-17,16097643605.953632,721459766.0198,591614.0,480068.0,1023520.4925027349
2025-10-18,5298430674.653136,958544723.3045001,481991.0,564018.0,548182.5855496809
2025-10-19,5022667331.842184,178586735.2844,443995.0,443253.0,606437.5784970373
2025-10-20,11951029124.0078,360733007.9128,507550.0,424653.0,666590.8677033669
2025-10-21,14951638311.044374,574196053.158,538842.0,429039.0,850814.3175211211
2025-10-22,15261276545.144241,810423676.5352,507518.0,489141.0,741174.0523794979
2025-10-23,12186213034.972124,620593968.9055,527286.0,426260.0,697241.3937912646
2025-10-24,12416172617.763527,409262233.9344,546753.0,571212.0,667454.3568794368
2025-10-25,4877663200.916018,391463939.8065,461245.0,504399.0,517473.0644614445
2025-10-26,6847085319.891039,128976081.8684,433092.0,521328.0,579911.0066858289
2025-10-27,16107727421.004858,259454137.40649998,522563.0,507349.0,761327.3711046356
2025-10-28,14459499246.59532,354665532.17340004,504390.0,524707.0,736003.6645435995
2025-10-29,13004147601.963224,356539177.9994,517043.0,392028.0,677013.4469705233
2025-10-30,14514069160.323538,496767848.5752,540811.0,554058.0,803129.0048938744
2025-10-31,15203643065.771168,629531902.7028,572374.0,460063.0,831320.2267989283
2025-11-01,7076005652.664974,401695202.8926,498680.0,391320.0,600344.905206227
2025-11-02,3304825232.249682,129318618.6592,446508.0,408092.0,518590.9455469936
2025-11-03,14288895727.776064,300984513.4467,547702.0,447703.0,892146.3155463724
2025-11-04,17542018755.260174,689855836.8562,582796.0,375984.0,1183435.9396975117
2025-11-05,13419921893.468367,1040501050.9563001,550413.0,396072.0,956066.0221673757
2025-11-06,15636906418.271948,588216878.5266,534781.0,416278.0,853294.6176951507
2025-11-07,21461779028.83144,458009864.57600003,569444.0,476245.0,955703.895702736
2025-11-08,4367137226.846394,811408079.7108,470481.0,351420.0,600933.5096022733
2025-11-09,3067078992.712991,208341124.3232,442498.0,466347.0,537873.2641358406
2025-11-10,11484375771.963436,313754370.5065,526898.0,449593.0,778893.0625922807
2025-11-11,10951056954.68874,383895018.93259996,506473.0,481949.0,953805.8634306658
2025-11-12,10604955346.718935,345419948.2887,504920.0,451023.0,826944.9627268527
2025-11-13,13088012217.047039,370630670.5874,,,926634.13988167
2025-11-14,24377100196.130707,642916678.518,,,
2025-11-15,5644973418.0668,1034072765.2275,,,
2025-11-16,4776084095.964514,320470295.0616,454407.0,581852.0,724172.4253684953
2025-11-17,19283577618.702053,429882309.77500004,515090.0,415543.0,1063425.4073312867
2025-11-18,21605870788.453686,746614631.5984,517212.0,317239.0,1343194.8854013595
2025-11-19,17471565470.769844,792818924.1035,535320.0,361791.0,1173095.750588857
2025-11-20,15177174553.160692,755500212.9849,545087.0,361895.0,1105598.272907236
2025-11-21,21796370449.694958,972004262.7926999,603204.0,413267.0,1495590.6904452739
2025-11-22,58388673977.72743,1411027815.0208,485120.0,472342.0,1436027.9327477976
2025-11-23,17954745701.83514,361493883.12780005,442816.0,317173.0,919047.2465870739
2025-11-24,14112416699.0278,452068726.93399996,503446.0,400125.0,861686.3903758163
2025-11-25,11012928544.071537,623501403.7182,513166.0,350825.0,784418.1586211621
2025-11-26,9204012840.881035,437118850.122,535443.0,477042.0,830747.6217916952
2025-11-27,9062460320.883312,491912194.422,525809.0,403825.0,726306.7502340522
2025-11-28,9697972473.083769,339327648.708,543603.0,511691.0,824214.7451379896
2025-11-29,3552877104.767845,396134152.5668,475990.0,400703.0,560614.5579326514
2025-11-30,3541872047.362618,104957737.43460001,450764.0,517534.0,610748.1697219306
2025-12-01,13435643673.40069,150054698.02189997,557926.0,402123.0,857329.0188231936
2025-12-02,10845653512.26919,764261982.7998,546016.0,412650.0,921558.1286885767
2025-12-03,12509377018.149723,680207826.4326,542787.0,429624.0,900909.3132386192
2025-12-04,8105660617.511551,662424668.6355,540083.0,414109.0,646466.9202319597
2025-12-05,10280986733.847937,417491671.01040006,534245.0,356330.0,709404.1136714809
2025-12-06,3044783369.686914,452354145.56539994,465393.0,527061.0,496616.0412433778
2025-12-07,2501885859.6408043,151812328.1885,438543.0,543191.0,453417.24045780726
2025-12-08,13483240526.988363,310722096.477,477476.0,580273.0,784830.4224788058
2025-12-09,9695891171.237087,461404777.2424,507794.0,448961.0,776613.5305286378
2025-12-10,11784957025.173037,547500913.2887,511694.0,550483.0,914869.043547844
2025-12-11,10736904008.783623,553009761.8255,513356.0,472857.0,774147.1403805193
2025-12-12,10803224575.612886,613547094.5037,537832.0,417151.0,702636.2816303715
2025-12-13,4017753379.5852885,419478271.25049996,463369.0,495923.0,548959.8812530475
2025-12-14,2848683491.374594,94119612.5924,429658.0,416686.0,544168.6116616606
2025-12-15,8379084323.59204,327159246.015,507663.0,423355.0,720504.6651691098
2025-12-16,10531766894.152073,518000713.79099995,507318.0,443734.0,780076.6131121261
2025-12-17,12489831561.278057,501524266.5298,511367.0,446512.0,882040.6829878592
2025-12-18,9848892393.375822,590638586.5860001,518421.0,463881.0,829422.6159665472
2025-12-19,8969389739.72798,645918137.638,556166.0,434180.0,847888.2618509758
2025-12-20,4973933952.339513,538067948.0910001,488594.0,440896.0,707389.3081901616
2025-12-21,2519189997.1456137,112518892.61340001,436144.0,441101.0,530873.9261365845
2025-12-22,8820610202.54576,174586260.75800002,497545.0,427277.0,736001.7052159702
2025-12-23,12185261277.52939,505546118.98209995,520980.0,431004.0,799108.3672970335
2025-12-24,11504123666.75912,386544681.4182,513917.0,501255.0,765373.1877687671
2025-12-25,3024468762.6361113,296054723.1096,431619.0,464027.0,480561.12195624865
2025-12-26,9450221823.643654,146459864.21580002,477921.0,517078.0,778018.1002545459
2025-12-27,3357464428.8442717,351773228.0164,457336.0,470913.0,461134.1801909063
2025-12-28,2110737904.6223104,84754579.00539999,435884.0,543992.0,513980.9929712676
2025-12-29,17986843413.77039,112767997.16319999,516338.0,547262.0,1036168.8939725591
2025-12-30,12213235203.818419,607645810.8385,539847.0,369499.0,858830.5541154279
2025-12-31,17317990785.43975,333918235.279,547272.0,408137.0,974765.5469619614
2026-01-01,5461748379.32022,340760625.6116,441382.0,469099.0,604552.2074690476
2026-01-02,8968206910.814333,256803526.75000003,518434.0,458965.0,814803.9986425253
2026-01-03,2473500733.0217514,568052441.061,473968.0,501272.0,610858.5306733281
2026-01-04,2506209767.9706717,189990943.00559998,460281.0,474589.0,658470.036999193
2026-01-05,11806112633.600658,206560287.29160002,519989.0,409625.0,847703.8857780426
2026-01-06,11114364069.907026,583387987.9317,517888.0,424895.0,758263.2373222283
2026-01-07,9963351045.469955,473458743.204,485087.0,425191.0,802197.7068646976
2026-01-08,9338603708.545887,390538156.3941,476585.0,334415.0,652362.4516715948
2026-01-09,12518853021.095198,437872513.2684001,512937.0,355655.0,746111.0372672776
2026-01-10,8121569827.731763,407326485.42080003,451552.0,488786.0,512914.02592198306
2026-01-11,4985913693.124658,71679418.34899999,412668.0,290317.0,481215.7677787689
2026-01-12,10984133269.750414,133090527.29959999,469584.0,411249.0,625218.6308940707
2026-01-13,14002042935.92521,458365070.436,489392.0,336329.0,1006580.5513855662
2026-01-14,13059243547.161377,754344978.3727,501548.0,324327.0,1068823.7305893258
2026-01-15,13357960101.245293,873133835.9380001,516730.0,374223.0,1033477.6358341477
2026-01-16,9372781612.330635,471024648.12700003,517080.0,361943.0,789177.0023771004
2026-01-17,2998686754.598215,321382737.9832,451781.0,357391.0,547386.4993803301
2026-01-18,2353607702.805856,83722280.3982,411852.0,332526.0,472194.28635594755
2026-01-19,5014634720.103577,167393583.46500003,460095.0,354595.0,564963.6094110864
2026-01-20,9822935837.808207,352308776.0736,466340.0,383148.0,855542.7916943477
2026-01-21,13390535599.00566,644789726.988,503455.0,428195.0,801480.8111622838
2026-01-22,10568754612.948172,810394729.9812,478520.0,464040.0,772841.5469608168
2026-01-23,6994781333.942334,331406616.83199996,500192.0,436563.0,914813.6504101042
2026-01-24,2116227259.4964585,365068122.2,421686.0,289144.0,415012.8094624465
2026-01-25,3966994210.6755815,79847822.62380001,419735.0,314920.0,574783.6858216359
2026-01-26,7681814789.554701,427921887.8388001,465362.0,402432.0,731844.4203038744
2026-01-27,6067747727.70262,457071977.5918,475414.0,362327.0,713254.8186764895
2026-01-28,8693559628.841545,358726466.3004,485652.0,336095.0,731729.753518935
2026-01-29,9789073414.457756,355853901.72150004,521611.0,428725.0,803319.5571602333
2026-01-30,14841644208.141388,648592821.66,580888.0,380796.0,976070.0602037568
2026-01-31,8589408432.090025,782144753.9583,527605.0,405402.0,915540.3450210353
2026-02-01,7846770887.604803,882766304.3945999,467476.0,352779.0,809666.4768869226
2026-02-02,15680747255.192636,607519828.8008,521176.0,357323.0,1193527.4833413302
2026-02-03,13344411909.709486,823312299.1002,550746.0,435461.0,1187576.4870021674
2026-02-04,14008595911.570457,1067449084.3156,532371.0,411218.0,1166001.4347895687
2026-02-05,21139302346.193314,950786729.1913999,619296.0,384550.0,1898810.2888218507
2026-02-06,18901527089.30478,1781665338.1412,646236.0,410157.0,1734627.4722749344
2026-02-07,6122926408.364181,1557401070.6176002,481546.0,494507.0,1102965.1113085782
2026-02-08,4243821725.8114414,625089545.9215,442633.0,507211.0,858004.8262593328
2026-02-09,11888159988.016224,391512564.19079995,481228.0,402013.0,1103310.3329839911
2026-02-10,9547620583.008541,561508498.2442,486763.0,385928.0,951230.1614807243
2026-02-11,8491239760.042006,484588072.88500005,490231.0,455182.0,937444.4147898791
2026-02-12,9661389136.315762,681549461.6711999,504187.0,484938.0,895812.5123602292
2026-02-13,9201319258.50435,483851177.4546,521603.0,529750.0,796849.4329392576
2026-02-14,3840029082.300078,443910812.1668,458016.0,537394.0,633033.904327112
2026-02-15,1929666958.9573793,296202785.418,399280.0,701969.0,527712.6072006975
2026-02-16,4693867812.997321,284801069.61840004,440304.0,526061.0,633192.5198905889
2026-02-17,6373218850.178365,314292272.23779994,446864.0,659135.0,765420.1043560333
2026-02-18,5723969492.006945,394296895.551,454158.0,507143.0,742192.376582318
2026-02-19,5598066692.030261,371091597.642,473222.0,512501.0,739025.5795732432
2026-02-20,10586854048.32113,331734514.116,493761.0,413542.0,930292.6561591718
2026-02-21,2476187168.520625,494305197.3,447339.0,350751.0,525348.1059450486
2026-02-22,1845861126.4781623,186729390.66300002,408828.0,529495.0,516383.2534789147
2026-02-23,6005967073.087472,163431974.79,458764.0,453671.0,753889.3267632986
2026-02-24,7724802994.709144,591998779.1256,501015.0,566873.0,989083.0758845335
2026-02-25,6898606940.395969,469310089.39320004,509923.0,485381.0,1061990.2048080699
2026-02-26,7443589778.407508,660212921.4643999,521846.0,425509.0,997676.891917111
2026-02-27,5797244770.140323,418172789.22319996,549158.0,415510.0,802982.2366525223
2026-02-28,2721602956.984004,444137571.0468,498805.0,424909.0,560955.245080307
2026-03-01,1947434580.0901263,624561084.6463999,447977.0,462687.0,571263.0853871966
2026-03-02,7000359941.529199,466877404.9863,515250.0,422366.0,838682.932739344
2026-03-03,8081339725.646691,699804565.6248,504537.0,381186.0,811376.1325293232
2026-03-04,12288634029.364828,578896595.9712001,516794.0,377812.0,970657.6089217681
2026-03-05,9278661021.10245,893049040.0515,522467.0,464513.0,833310.7563178254
2026-03-06,7534725006.097888,596589351.9684,531723.0,442642.0,837959.4356033271
2026-03-07,2032123513.9378915,473502557.21669996,458399.0,437720.0,479871.1943569577
2026-03-08,1488615216.0636604,198649481.22599998,413093.0,453532.0,470048.6415623758
2026-03-09,6914157660.480911,359139973.12,468702.0,415576.0,725766.9979570974
2026-03-10,7287177982.124621,503943890.1376,484745.0,381301.0,819118.5083039444
2026-03-11,8029010340.4647455,622027394.8086,475423.0,401926.0,714908.2143845198
2026-03-12,6108416530.594537,527912852.9135,496301.0,449282.0,715223.3380213159
2026-03-13,7726566054.216646,491343281.4444,525035.0,399857.0,761439.71975575
2026-03-14,2145316489.7739317,632150234.0224,440249.0,439447.0,540891.5078988028
2026-03-15,3517233731.097687,158373162.8864,406808.0,407207.0,512153.7760458413
2026-03-16,10195572100.645725,260820420.5936,477639.0,405364.0,943913.3090156263
2026-03-17,,565816547.61,,,
