datetime,exchange_balance,exchange_inflow,exchange_outflow,date,exchange_netflow
2025-06-01T00:00:00Z,-2244.96718418,0.0,2244.96718418,2025-06-01,-2244.96718418
2025-06-02T00:00:00Z,-14674.587048290026,0.0,14674.587048290026,2025-06-02,-14674.587048290026
2025-06-03T00:00:00Z,-142211.15411462003,0.0,142211.15411462003,2025-06-03,-142211.15411462003
2025-06-04T00:00:00Z,-10203.70022063,0.0,10203.70022063,2025-06-04,-10203.70022063
2025-06-05T00:00:00Z,-11766.248115410002,0.0,11766.248115410002,2025-06-05,-11766.248115410002
2025-06-06T00:00:00Z,-1648.80479705,0.0,1648.80479705,2025-06-06,-1648.80479705
2025-06-07T00:00:00Z,-1704.18345851,0.0,1704.18345851,2025-06-07,-1704.18345851
2025-06-08T00:00:00Z,-3834.729807360001,0.0,3834.729807360001,2025-06-08,-3834.729807360001
2025-06-09T00:00:00Z,-3330.04107118,0.0,3330.04107118,2025-06-09,-3330.04107118
2025-06-10T00:00:00Z,18383.616372070006,41108.89547712001,22725.27910505,2025-06-10,18383.616372070006
2025-06-11T00:00:00Z,2888.743669450001,25020.134443560004,22131.39077411,2025-06-11,2888.743669450003
2025-06-12T00:00:00Z,4726.954000569995,26035.812725670003,21308.85872510001,2025-06-12,4726.954000569993
2025-06-13T00:00:00Z,10532.044658850022,43851.99511769002,33319.95045884,2025-06-13,10532.04465885002
2025-06-14T00:00:00Z,4989.393008579998,20087.561640410007,15098.16863183001,2025-06-14,4989.393008579997
2025-06-15T00:00:00Z,253.37806639,10887.081361880002,10633.70329549,2025-06-15,253.37806639000155
2025-06-16T00:00:00Z,-20978.85809753001,22590.555474039997,43569.41357157001,2025-06-16,-20978.858097530014
2025-06-17T00:00:00Z,8505.580326220012,39404.992337120006,30899.4120109,2025-06-17,8505.580326220006
2025-06-18T00:00:00Z,353.073988669996,24922.71158255,24569.637593880005,2025-06-18,353.07398866999574
2025-06-19T00:00:00Z,1129.666371900001,17617.44685352001,16487.780481620008,2025-06-19,1129.6663719000026
2025-06-20T00:00:00Z,904.775052939998,25359.38471316999,24454.609660229995,2025-06-20,904.7750529399964
2025-06-21T00:00:00Z,1764.789665480004,13811.49783013,12046.708164649996,2025-06-21,1764.7896654800043
2025-06-22T00:00:00Z,1011.86201049,29326.682083619995,28314.820073129995,2025-06-22,1011.8620104900001
2025-06-23T00:00:00Z,-2849.775734430006,27238.790712829992,30088.566447259996,2025-06-23,-2849.7757344300044
2025-06-24T00:00:00Z,-931.413684029994,29650.884032339993,30582.297716369987,2025-06-24,-931.4136840299943
2025-06-25T00:00:00Z,851.440574299998,30028.67219135,29177.23161705,2025-06-25,851.4405742999988
2025-06-26T00:00:00Z,5437.071418199975,32995.00064400998,27557.92922581001,2025-06-26,5437.071418199972
2025-06-27T00:00:00Z,-2745.816263520001,33782.73496427999,36528.55122779999,2025-06-27,-2745.8162635199988
2025-06-28T00:00:00Z,409.908817610001,11455.32419762,11045.41538001,2025-06-28,409.9088176100013
2025-06-29T00:00:00Z,242.947891739999,10031.715677019998,9788.767785279999,2025-06-29,242.94789173999925
2025-06-30T00:00:00Z,-3524.033001340001,24115.468566829997,27639.50156817,2025-06-30,-3524.0330013400016
2025-07-01T00:00:00Z,1444.803958310008,20947.531592870007,19502.72763456,2025-07-01,1444.8039583100071
2025-07-02T00:00:00Z,-2792.993108509972,28451.648158490025,31244.641267,2025-07-02,-2792.9931085099743
2025-07-03T00:00:00Z,6815.194654000002,28202.59734495,21387.402690950003,2025-07-03,6815.194653999999
2025-07-04T00:00:00Z,2197.145607730001,22000.11056426999,19802.96495653999,2025-07-04,2197.1456077300027
2025-07-05T00:00:00Z,-408.738999979996,6729.211661380004,7137.950661359999,2025-07-05,-408.73899997999433
2025-07-06T00:00:00Z,-1299.178540130012,10127.13720332998,11426.31574345999,2025-07-06,-1299.1785401300112
2025-07-07T00:00:00Z,30.630895990004,19581.58931509001,19550.958419100003,2025-07-07,30.63089599000523
2025-07-08T00:00:00Z,-2355.620095450002,21457.78794868,23813.408044130007,2025-07-08,-2355.6200954500055
2025-07-09T00:00:00Z,-1379.976436189995,22428.718201330004,23808.69463752,2025-07-09,-1379.9764361899943
2025-07-10T00:00:00Z,-2354.027062640004,38176.04846591,40530.075528550005,2025-07-10,-2354.027062640009
2025-07-11T00:00:00Z,2529.482913910002,52834.97704824002,50305.494134330016,2025-07-11,2529.482913910004
2025-07-12T00:00:00Z,-6004.972816419999,26545.327085330006,32550.299901750004,2025-07-12,-6004.972816419999
2025-07-13T00:00:00Z,1868.923085789997,14258.889770320002,12389.966684530003,2025-07-13,1868.9230857899984
2025-07-14T00:00:00Z,4580.992862950017,50253.19503162001,45672.20216866999,2025-07-14,4580.992862950021
2025-07-15T00:00:00Z,15341.657672569976,100513.15887702996,85171.50120445997,2025-07-15,15341.657672569985
2025-07-16T00:00:00Z,1670.580085379984,39942.6918986,38272.11181322001,2025-07-16,1670.5800853799883
2025-07-17T00:00:00Z,38805.72675434001,84272.5596123,45466.83285796,2025-07-17,38805.72675434
2025-07-18T00:00:00Z,3041.383722669986,41790.99095225,38749.60722958002,2025-07-18,3041.3837226699834
2025-07-19T00:00:00Z,-3832.856647970006,13518.803177359992,17351.65982533,2025-07-19,-3832.8566479700075
2025-07-20T00:00:00Z,-1677.943304730001,14147.798340179997,15825.741644909998,2025-07-20,-1677.9433047300008
2025-07-21T00:00:00Z,-7609.158545009977,31015.511738410027,38624.670283420004,2025-07-21,-7609.158545009977
2025-07-22T00:00:00Z,-1381.534487630008,26596.771792269992,27978.3062799,2025-07-22,-1381.5344876300078
2025-07-23T00:00:00Z,-1504.335605120007,25197.795390440002,26702.130995560008,2025-07-23,-1504.3356051200062
2025-07-24T00:00:00Z,2744.880353529988,32507.412670569996,29762.532317040008,2025-07-24,2744.8803535299885
2025-07-25T00:00:00Z,-27244.960073569993,71501.3132234,98746.27329696999,2025-07-25,-27244.960073569993
2025-07-26T00:00:00Z,-3194.082629280004,21011.838330020004,24205.92095930001,2025-07-26,-3194.0826292800048
2025-07-27T00:00:00Z,302.434224600002,14378.49378722001,14076.059562620008,2025-07-27,302.43422460000147
2025-07-28T00:00:00Z,-2461.745329880004,26341.581285800003,28803.326615680005,2025-07-28,-2461.745329880003
2025-07-29T00:00:00Z,-158.547659909998,24661.246162279996,24819.793822189993,2025-07-29,-158.54765990999658
2025-07-30T00:00:00Z,347.150317170005,24978.584241779998,24631.433924609995,2025-07-30,347.1503171700024
2025-07-31T00:00:00Z,-1274.171221500004,25596.576272860006,26870.74749436001,2025-07-31,-1274.1712215000043
2025-08-01T00:00:00Z,2749.209600670003,37357.60694972999,34608.39734905999,2025-08-01,2749.2096006700012
2025-08-02T00:00:00Z,-502.063596600007,13347.039473540004,13849.10307014001,2025-08-02,-502.06359660000635
2025-08-03T00:00:00Z,-547.718176689995,12650.00455700001,13197.722733690005,2025-08-03,-547.7181766899957
2025-08-04T00:00:00Z,2366.198188950005,30577.464055059994,28211.265866109992,2025-08-04,2366.198188950002
2025-08-05T00:00:00Z,1059.91369487001,25077.239767110004,24017.326072239997,2025-08-05,1059.913694870007
2025-08-06T00:00:00Z,-3949.507173399992,20363.800001150015,24313.307174550006,2025-08-06,-3949.5071733999903
2025-08-07T00:00:00Z,-1092.794643640002,20488.53149979998,21581.326143439983,2025-08-07,-1092.7946436400016
2025-08-08T00:00:00Z,-2243.387052580005,25421.861473459998,27665.248526040003,2025-08-08,-2243.387052580005
2025-08-09T00:00:00Z,648.04736512,15678.988069620002,15030.940704500003,2025-08-09,648.0473651199991
2025-08-10T00:00:00Z,1074.114304399998,15925.879738360009,14851.76543396001,2025-08-10,1074.1143043999982
2025-08-11T00:00:00Z,5256.883279780004,39769.36772162999,34512.48444184999,2025-08-11,5256.883279779999
2025-08-12T00:00:00Z,6288.168470929976,35915.063825039986,29626.895354110005,2025-08-12,6288.168470929981
2025-08-13T00:00:00Z,-270.277175290001,32565.49031458,32835.76748987,2025-08-13,-270.2771752899971
2025-08-14T00:00:00Z,3332.616412120003,38152.35574948001,34819.739337360006,2025-08-14,3332.6164121200054
2025-08-15T00:00:00Z,-192.119495529995,27431.216217699995,27623.33571322999,2025-08-15,-192.1194955299943
2025-08-16T00:00:00Z,-1146.132430849992,13388.540303420003,14534.672734269994,2025-08-16,-1146.1324308499916
2025-08-17T00:00:00Z,-387.460032690006,18280.263459579997,18667.723492270004,2025-08-17,-387.4600326900072
2025-08-18T00:00:00Z,-3027.154973929999,36989.47318028999,40016.628154219994,2025-08-18,-3027.1549739300026
2025-08-19T00:00:00Z,5230.084984730017,37646.81592814002,32416.73094341001,2025-08-19,5230.084984730012
2025-08-20T00:00:00Z,1770.997611250017,27316.575300110024,25545.57768886001,2025-08-20,1770.9976112500153
2025-08-21T00:00:00Z,4164.684813550033,31637.211007350037,27472.526193800008,2025-08-21,4164.6848135500295
2025-08-22T00:00:00Z,-2496.839401239968,36869.56878122003,39366.40818246,2025-08-22,-2496.839401239973
2025-08-23T00:00:00Z,1928.189962710012,20246.32390225002,18318.133939540006,2025-08-23,1928.1899627100138
2025-08-24T00:00:00Z,5749.807413329998,37548.3189278,31798.511514470003,2025-08-24,5749.807413329996
2025-08-25T00:00:00Z,-586.70966972,34439.45350447,35026.163174190006,2025-08-25,-586.7096697200031
2025-08-26T00:00:00Z,2413.634807550009,31962.894577450006,29549.259769899996,2025-08-26,2413.63480755001
2025-08-27T00:00:00Z,-2395.54521794,21369.47196768,23765.017185620003,2025-08-27,-2395.5452179400017
2025-08-28T00:00:00Z,-2114.927652489988,21759.051544470018,23873.979196960005,2025-08-28,-2114.927652489987
2025-08-29T00:00:00Z,-3835.950797499995,34599.647783500004,38435.598581,2025-08-29,-3835.950797499994
2025-08-30T00:00:00Z,1159.326367230004,23767.782752650004,22608.456385420002,2025-08-30,1159.3263672300018
2025-08-31T00:00:00Z,3125.095062669998,20420.22754546,17295.13248279,2025-08-31,3125.0950626699996
2025-09-01T00:00:00Z,1549.259711310026,25615.78381221003,24066.524100900002,2025-09-01,1549.2597113100273
2025-09-02T00:00:00Z,-5599.721040579995,26828.72419292001,32428.445233500006,2025-09-02,-5599.721040579996
2025-09-03T00:00:00Z,-2558.290023700009,25228.162161139993,27786.452184840004,2025-09-03,-2558.2900237000104
2025-09-04T00:00:00Z,3187.095502800002,27969.613095720004,24782.51759292,2025-09-04,3187.0955028000026
2025-09-05T00:00:00Z,-830.447217789985,29477.21616795999,30307.663385749973,2025-09-05,-830.4472177899843
2025-09-06T00:00:00Z,530.369895830004,10005.164374350003,9474.79447852,2025-09-06,530.3698958300029
2025-09-07T00:00:00Z,418.33299842,9605.281425919993,9186.948427499994,2025-09-07,418.33299841999906
2025-09-08T00:00:00Z,-700.367790769999,21453.69283915,22154.06062992,2025-09-08,-700.3677907700003
2025-09-09T00:00:00Z,-1824.792663460001,29875.709586360008,31700.50224982001,2025-09-09,-1824.7926634600008
2025-09-10T00:00:00Z,-2247.985009040016,34855.54108538999,37103.52609443,2025-09-10,-2247.985009040014
2025-09-11T00:00:00Z,-2241.632452089995,23388.92592703001,25630.558379120004,2025-09-11,-2241.6324520899943
2025-09-12T00:00:00Z,-1185.054887130019,28197.24005016999,29382.29493730001,2025-09-12,-1185.0548871300198
2025-09-13T00:00:00Z,-2135.348204559999,11333.872858510002,13469.221063070001,2025-09-13,-2135.3482045599994
2025-09-14T00:00:00Z,-1854.744936480003,7242.134795409997,9096.87973189,2025-09-14,-1854.7449364800023
2025-09-15T00:00:00Z,-3111.957884570002,21220.900510910007,24332.85839548001,2025-09-15,-3111.9578845700016
2025-09-16T00:00:00Z,493.123460260001,24500.35968620001,24007.236225940007,2025-09-16,493.1234602600016
2025-09-17T00:00:00Z,-2973.024205399986,21410.19049258001,24383.214697979998,2025-09-17,-2973.0242053999864
2025-09-18T00:00:00Z,945.969345659999,28617.667444680006,27671.698099020006,2025-09-18,945.9693456599998
2025-09-19T00:00:00Z,-2684.923818139998,27000.277207390012,29685.20102553001,2025-09-19,-2684.923818139996
2025-09-20T00:00:00Z,-1955.191236060001,11254.761368169997,13209.952604229999,2025-09-20,-1955.1912360600018
2025-09-21T00:00:00Z,-1410.994474239997,12715.708782660002,14126.7032569,2025-09-21,-1410.9944742399985
2025-09-22T00:00:00Z,-921.104793349996,30166.453542730003,31087.55833608,2025-09-22,-921.1047933499976
2025-09-23T00:00:00Z,7269.675360919985,31473.80514641999,24204.129785500005,2025-09-23,7269.675360919984
2025-09-24T00:00:00Z,-1957.469507599998,23056.522252730007,25013.991760330005,2025-09-24,-1957.469507599999
2025-09-25T00:00:00Z,3285.829309350001,40311.53736365001,37025.70805430001,2025-09-25,3285.829309349996
2025-09-26T00:00:00Z,-12250.157262480005,68387.64059383,80637.79785631,2025-09-26,-12250.157262480003
2025-09-27T00:00:00Z,97.50033339,19942.468658440004,19844.968325050002,2025-09-27,97.5003333900022
2025-09-28T00:00:00Z,11038.774371230002,28115.82422650999,17077.04985527999,2025-09-28,11038.77437123
2025-09-29T00:00:00Z,575.049316509993,33937.41180208,33362.36248557001,2025-09-29,575.0493165099906
2025-09-30T00:00:00Z,-9244.68063446001,44400.50703478,53645.18766924001,2025-09-30,-9244.680634460012
2025-10-01T00:00:00Z,-1276.201542279969,40704.58234877002,41980.783891049985,2025-10-01,-1276.2015422799668
2025-10-02T00:00:00Z,-2316.464684290006,45148.99582775,47465.46051204,2025-10-02,-2316.464684290004
2025-10-03T00:00:00Z,-1656.754266109997,51345.52592915,53002.28019526,2025-10-03,-1656.7542661100015
2025-10-04T00:00:00Z,4509.557780729991,26586.81147241998,22077.25369168999,2025-10-04,4509.557780729989
2025-10-05T00:00:00Z,2520.259452659999,33685.749309590006,31165.489856930006,2025-10-05,2520.2594526600005
2025-10-06T00:00:00Z,-4135.025379959996,37802.84774000999,41937.87311996998,2025-10-06,-4135.025379959996
2025-10-07T00:00:00Z,-1157.36311111,41316.65891871,42474.02202982001,2025-10-07,-1157.363111110004
2025-10-08T00:00:00Z,2482.686515520019,38584.52486376001,36101.83834823999,2025-10-08,2482.686515520021
2025-10-09T00:00:00Z,-2836.628435330004,27265.03793230999,30101.666367639995,2025-10-09,-2836.6284353300034
2025-10-10T00:00:00Z,3123.884953629992,44530.50559788999,41406.620644259994,2025-10-10,3123.8849536299967
2025-10-11T00:00:00Z,1905.220974439993,65277.74467880999,63372.523704369996,2025-10-11,1905.2209744399952
2025-10-12T00:00:00Z,590.965668909983,43493.473345609986,42902.5076767,2025-10-12,590.9656689099866
2025-10-13T00:00:00Z,-5435.399070379978,53013.95594266002,58449.355013039996,2025-10-13,-5435.399070379979
2025-10-14T00:00:00Z,-20573.929723079997,59923.711531789995,80497.64125487,2025-10-14,-20573.929723080008
2025-10-15T00:00:00Z,2547.317622370001,49111.52674447,46564.2091221,2025-10-15,2547.3176223699993
2025-10-16T00:00:00Z,5151.545896860006,42804.56289780001,37653.01700094,2025-10-16,5151.545896860007
2025-10-17T00:00:00Z,4190.393608399999,46864.69515437,42674.30154597,2025-10-17,4190.3936084000015
2025-10-18T00:00:00Z,-478.189188039995,19939.027064500006,20417.216252539998,2025-10-18,-478.1891880399926
2025-10-19T00:00:00Z,-1937.16434017,15068.252970410003,17005.417310580004,2025-10-19,-1937.1643401700003
2025-10-20T00:00:00Z,-975.854002650002,25832.136698089995,26807.990700739996,2025-10-20,-975.8540026500013
2025-10-21T00:00:00Z,6013.478908800008,41960.281881760005,35946.802972959995,2025-10-21,6013.478908800011
2025-10-22T00:00:00Z,831.112660179995,29705.112779879993,28874.0001197,2025-10-22,831.1126601799951
2025-10-23T00:00:00Z,2160.462580699998,27789.805487999998,25629.3429073,2025-10-23,2160.4625806999975
2025-10-24T00:00:00Z,-7561.821391210002,25876.27524552999,33438.09663673999,2025-10-24,-7561.82139121
2025-10-25T00:00:00Z,895.346268980002,10664.48090109,9769.134632109999,2025-10-25,895.3462689800017
2025-10-26T00:00:00Z,-739.291835760005,12913.671869309994,13652.963705069998,2025-10-26,-739.2918357600047
2025-10-27T00:00:00Z,2245.806131749993,22409.73384625999,20163.927714509995,2025-10-27,2245.806131749996
2025-10-28T00:00:00Z,-1768.061597119999,22561.084055879994,24329.14565299999,2025-10-28,-1768.061597119995
2025-10-29T00:00:00Z,405.558883869986,30240.521071129988,29834.962187260004,2025-10-29,405.55888386998413
2025-10-30T00:00:00Z,4250.06850298001,38474.61085723001,34224.54235425,2025-10-30,4250.068502980008
2025-10-31T00:00:00Z,4637.372802889984,39372.16880803997,34734.79600514999,2025-10-31,4637.372802889979
2025-11-01T00:00:00Z,2319.002797849991,23903.67215380999,21584.66935596,2025-11-01,2319.0027978499893
2025-11-02T00:00:00Z,391.12223444,11645.054444619998,11253.932210179999,2025-11-02,391.1222344399994
2025-11-03T00:00:00Z,-7946.67061480999,38441.93609123999,46388.606706049984,2025-11-03,-7946.670614809991
2025-11-04T00:00:00Z,4345.047224350002,55658.128310730004,51313.08108638,2025-11-04,4345.047224350004
2025-11-05T00:00:00Z,370.167432620001,38769.634607250024,38399.46717463002,2025-11-05,370.1674326200009
2025-11-06T00:00:00Z,-1385.779154619996,36371.17223873998,37756.951393359974,2025-11-06,-1385.779154619995
2025-11-07T00:00:00Z,982.976461600007,36691.78247252001,35708.80601092001,2025-11-07,982.976461600003
2025-11-08T00:00:00Z,-472.972027239994,14051.101759260006,14524.0737865,2025-11-08,-472.9720272399936
2025-11-09T00:00:00Z,-1428.914825680002,12878.414439159978,14307.32926483998,2025-11-09,-1428.9148256800017
2025-11-10T00:00:00Z,-964.929964730005,31029.422263389984,31994.35222811999,2025-11-10,-964.9299647300068
2025-11-11T00:00:00Z,251.153190790001,31712.011717790003,31460.858527,2025-11-11,251.15319079000255
2025-11-12T00:00:00Z,-5393.985886680008,26166.58225677,31560.56814345001,2025-11-12,-5393.98588668001
2025-11-13T00:00:00Z,2791.604075510005,38547.37188862001,35755.76781311,2025-11-13,2791.604075510011
2025-11-14T00:00:00Z,4464.781476040004,69305.30941900998,64840.52794296999,2025-11-14,4464.781476039992
2025-11-15T00:00:00Z,102.133977059998,31393.921205030005,31291.787227970006,2025-11-15,102.13397705999887
2025-11-16T00:00:00Z,2208.031906619999,22106.50599501001,19898.474088390012,2025-11-16,2208.031906619999
2025-11-17T00:00:00Z,6498.093974539994,55762.722163100014,49264.62818856002,2025-11-17,6498.0939745399955
2025-11-18T00:00:00Z,-2100.762858809964,66382.65907057005,68483.42192938001,2025-11-18,-2100.7628588099615
2025-11-19T00:00:00Z,-14.89810646002,39922.45662588999,39937.35473235,2025-11-19,-14.898106460015697
2025-11-20T00:00:00Z,1823.124305530023,51541.80425708001,49718.67995154999,2025-11-20,1823.124305530022
2025-11-21T00:00:00Z,6107.594347579999,78860.14491477002,72752.55056719003,2025-11-21,6107.594347579987
2025-11-22T00:00:00Z,1209.74069934,28484.029030819987,27274.288331479987,2025-11-22,1209.74069934
2025-11-23T00:00:00Z,-2911.611580880002,21897.77969618002,24809.391277060022,2025-11-23,-2911.6115808800023
2025-11-24T00:00:00Z,-657.056446719999,43990.43072728001,44647.487174,2025-11-24,-657.0564467199947
2025-11-25T00:00:00Z,-1995.371160859994,36924.75682565001,38920.12798651,2025-11-25,-1995.3711608599915
2025-11-26T00:00:00Z,-1983.0416454,36516.670151820006,38499.71179722001,2025-11-26,-1983.0416454000006
2025-11-27T00:00:00Z,-2974.916853360019,35445.42824014999,38420.34509351001,2025-11-27,-2974.916853360024
2025-11-28T00:00:00Z,599.238404520008,29160.700871710003,28561.46246719,2025-11-28,599.2384045200051
2025-11-29T00:00:00Z,-521.160411730008,15941.311038419994,16462.47145015,2025-11-29,-521.1604117300049
2025-11-30T00:00:00Z,91.757903889998,10552.484346200003,10460.726442310004,2025-11-30,91.75790388999849
2025-12-01T00:00:00Z,-1210.657120229997,52598.47383511999,53809.13095534999,2025-12-01,-1210.6571202299965
2025-12-02T00:00:00Z,-4121.623099209995,30756.042479300006,34877.66557851,2025-12-02,-4121.623099209995
2025-12-03T00:00:00Z,-1719.897171080002,29715.970585290004,31435.867756370008,2025-12-03,-1719.8971710800033
2025-12-04T00:00:00Z,-3602.262150339994,27167.565540919994,30769.82769125999,2025-12-04,-3602.262150339997
2025-12-05T00:00:00Z,169.722766349999,29554.873384540002,29385.150618190004,2025-12-05,169.72276634999798
2025-12-06T00:00:00Z,187.92626667,12084.384717570008,11896.458450900009,2025-12-06,187.92626666999968
2025-12-07T00:00:00Z,244.01364121,10556.969348989996,10312.955707779998,2025-12-07,244.01364120999824
2025-12-08T00:00:00Z,-3574.833465769987,18772.235092260016,22347.068558030005,2025-12-08,-3574.833465769989
2025-12-09T00:00:00Z,-1704.662562370002,31037.074131479996,32741.736693849998,2025-12-09,-1704.662562370002
2025-12-10T00:00:00Z,2789.758399440001,31566.830391500007,28777.07199206001,2025-12-10,2789.7583994399974
2025-12-11T00:00:00Z,1172.536557599986,32677.518126679995,31504.98156908001,2025-12-11,1172.5365575999858
2025-12-12T00:00:00Z,-1298.462975670004,22157.828701009996,23456.29167668,2025-12-12,-1298.462975670005
2025-12-13T00:00:00Z,471.094634140001,10981.274322080002,10510.17968794,2025-12-13,471.0946341400013
2025-12-14T00:00:00Z,856.139592219987,9447.509920419989,8591.370328200002,2025-12-14,856.1395922199863
2025-12-15T00:00:00Z,2260.434052370001,30452.765676900002,28192.33162453,2025-12-15,2260.434052370001
2025-12-16T00:00:00Z,1556.438619349997,28365.258883459966,26808.820264109967,2025-12-16,1556.4386193499995
2025-12-17T00:00:00Z,6157.455770710027,36374.42202029002,30216.96624957999,2025-12-17,6157.455770710028
2025-12-18T00:00:00Z,4182.882658939981,34083.44415066998,29900.561491729997,2025-12-18,4182.882658939983
2025-12-19T00:00:00Z,2216.390153589995,27784.307990240002,25567.917836650005,2025-12-19,2216.3901535899968
2025-12-20T00:00:00Z,288.560285400034,19558.302375110026,19269.742089709995,2025-12-20,288.5602854000317
2025-12-21T00:00:00Z,460.717302879995,10360.53082662,9899.813523740006,2025-12-21,460.71730287999526
2025-12-22T00:00:00Z,-1779.26518484,27157.66780804,28936.932992880003,2025-12-22,-1779.265184840002
2025-12-23T00:00:00Z,-1908.884335750011,29098.101159739977,31006.98549548999,2025-12-23,-1908.8843357500118
2025-12-24T00:00:00Z,2093.866389030008,26522.86980406002,24429.003415030013,2025-12-24,2093.8663890300086
2025-12-25T00:00:00Z,368.662328080001,15620.609850029998,15251.947521949996,2025-12-25,368.6623280800013
2025-12-26T00:00:00Z,3046.189247249999,31477.847934150013,28431.658686900013,2025-12-26,3046.1892472500003
2025-12-27T00:00:00Z,171.669042449985,9783.345183599984,9611.67614115,2025-12-27,171.66904244998477
2025-12-28T00:00:00Z,109.875204959999,7511.828292119987,7401.953087159988,2025-12-28,109.87520495999888
2025-12-29T00:00:00Z,2189.924550640002,40281.45089085,38091.526340209995,2025-12-29,2189.924550640004
2025-12-30T00:00:00Z,-4865.467370679985,32261.337003520013,37126.80437419999,2025-12-30,-4865.46737067998
2025-12-31T00:00:00Z,-11048.268577330007,39685.63442504,50733.90300237,2025-12-31,-11048.268577330004
2026-01-01T00:00:00Z,-1662.315532120002,18627.788480019997,20290.10401214,2026-01-01,-1662.315532120003
2026-01-02T00:00:00Z,978.177998980003,32413.71134910001,31435.533350120004,2026-01-02,978.1779989800052
2026-01-03T00:00:00Z,427.344040539999,11930.289989259993,11502.945948719995,2026-01-03,427.3440405399979
2026-01-04T00:00:00Z,-466.424368429998,12927.427246539999,13393.851614969997,2026-01-04,-466.42436842999814
2026-01-05T00:00:00Z,-7212.029113139972,33581.00687315003,40793.03598629,2026-01-05,-7212.029113139972
2026-01-06T00:00:00Z,4784.846299190004,38284.30450152,33499.458202329995,2026-01-06,4784.846299190001
2026-01-07T00:00:00Z,970.712392709994,25608.723468529985,24638.01107581999,2026-01-07,970.7123927099929
2026-01-08T00:00:00Z,-481.468752110005,26961.314188939996,27442.782941049998,2026-01-08,-481.46875211000224
2026-01-09T00:00:00Z,1643.74593191999,26719.178475069995,25075.432543150007,2026-01-09,1643.745931919988
2026-01-10T00:00:00Z,-1075.897824769993,8925.314825690006,10001.21265046,2026-01-10,-1075.8978247699943
2026-01-11T00:00:00Z,2461.76026951001,8714.761253620014,6253.000984110004,2026-01-11,2461.7602695100104
2026-01-12T00:00:00Z,265.753285969998,21850.7424492,21584.98916323,2026-01-12,265.75328597000043
2026-01-13T00:00:00Z,-26008.548317780034,36130.28572545998,62138.834043240015,2026-01-13,-26008.548317780034
2026-01-14T00:00:00Z,-7419.471129729995,45556.81227957,52976.28340929999,2026-01-14,-7419.471129729995
2026-01-15T00:00:00Z,2786.596481089992,40540.30592703999,37753.70944595,2026-01-15,2786.5964810899895
2026-01-16T00:00:00Z,1292.174806149999,30401.709751160008,29109.53494501001,2026-01-16,1292.1748061499966
2026-01-17T00:00:00Z,231.946017250002,16241.219854389998,16009.273837139996,2026-01-17,231.94601725000211
2026-01-18T00:00:00Z,-256.223986640012,8879.389583689985,9135.613570329997,2026-01-18,-256.2239866400123
2026-01-19T00:00:00Z,1101.688194080003,23972.645119110002,22870.95692503,2026-01-19,1101.6881940800013
2026-01-20T00:00:00Z,7506.555431669991,41047.79993409,33541.244502420006,2026-01-20,7506.555431669993
2026-01-21T00:00:00Z,5922.658987480016,50646.36507993001,44723.70609245,2026-01-21,5922.658987480012
2026-01-22T00:00:00Z,2763.360161320002,28298.720953600005,25535.360792280004,2026-01-22,2763.3601613200008
2026-01-23T00:00:00Z,-35.484146150003,30339.4618675,30374.946013650002,2026-01-23,-35.48414615000365
2026-01-24T00:00:00Z,343.795425830006,9532.906340030015,9189.11091420001,2026-01-24,343.7954258300051
2026-01-25T00:00:00Z,980.378261330007,16109.730024870001,15129.351763539993,2026-01-25,980.3782613300082
2026-01-26T00:00:00Z,-3636.127219630006,31092.028215039998,34728.15543467001,2026-01-26,-3636.1272196300088
2026-01-27T00:00:00Z,466.672240879998,24050.903079419997,23584.23083854,2026-01-27,466.67224087999784
2026-01-28T00:00:00Z,-506.061930090012,28395.482237759992,28901.544167850003,2026-01-28,-506.0619300900107
2026-01-29T00:00:00Z,1648.652737890019,39003.53337599002,37354.880638099996,2026-01-29,1648.652737890021
2026-01-30T00:00:00Z,2064.832481969991,44016.24889606998,41951.416414099986,2026-01-30,2064.832481969992
2026-01-31T00:00:00Z,9608.82486450001,52067.67717362,42458.85230912,2026-01-31,9608.824864500006
2026-02-01T00:00:00Z,-436.075212930001,41699.49805738999,42135.57327031999,2026-02-01,-436.0752129300017
2026-02-02T00:00:00Z,5379.871544409996,63448.39055687999,58068.519012469995,2026-02-02,5379.871544409994
2026-02-03T00:00:00Z,3.518605740002,48857.07888004,48853.5602743,2026-02-03,3.5186057399987476
2026-02-04T00:00:00Z,-1053.402846240003,63421.91845983,64475.32130607,2026-02-04,-1053.402846240002
2026-02-05T00:00:00Z,17224.46120427003,110941.76454588004,93717.30334161001,2026-02-05,17224.461204270032
2026-02-06T00:00:00Z,-14577.894433250009,92262.62494514999,106840.5193784,2026-02-06,-14577.89443325001
2026-02-07T00:00:00Z,2317.224786159991,42357.54241406002,40040.31762790003,2026-02-07,2317.22478615999
2026-02-08T00:00:00Z,-4756.76262788,28321.468870729994,33078.231498609995,2026-02-08,-4756.762627880002
2026-02-09T00:00:00Z,-2868.824997269998,32876.67661505001,35745.50161232001,2026-02-09,-2868.8249972699996
2026-02-10T00:00:00Z,-4090.976015410003,26325.747753749987,30416.72376915999,2026-02-10,-4090.976015410004
2026-02-11T00:00:00Z,4249.937481559999,41906.485529369995,37656.54804780999,2026-02-11,4249.937481560002
2026-02-12T00:00:00Z,499.374654300004,45540.021737120005,45040.64708282,2026-02-12,499.37465430000157
2026-02-13T00:00:00Z,4080.978245230004,39849.97147472999,35768.99322949999,2026-02-13,4080.9782452299987
2026-02-14T00:00:00Z,3287.452757570002,21678.172448259997,18390.719690689995,2026-02-14,3287.4527575700013
2026-02-15T00:00:00Z,-1526.520406550002,10513.995056129983,12040.515462679985,2026-02-15,-1526.520406550002
2026-02-16T00:00:00Z,-844.38231995,17758.597719190013,18602.980039140013,2026-02-16,-844.3823199500002
2026-02-17T00:00:00Z,1022.074928999993,20362.909237679996,19340.83430868,2026-02-17,1022.0749289999949
2026-02-18T00:00:00Z,-6277.206224060007,20752.687351140004,27029.893575200014,2026-02-18,-6277.20622406001
2026-02-19T00:00:00Z,258.404460989994,16814.72122016999,16556.316759179997,2026-02-19,258.4044609899938
2026-02-20T00:00:00Z,7524.171256959975,49709.29144624997,42185.12018928999,2026-02-20,7524.171256959977
2026-02-21T00:00:00Z,586.512333450005,10386.512786840009,9800.000453390005,2026-02-21,586.512333450004
